id,subject,tag,question,choice1,choice2,choice3,choice4,answer,explanation,core_id,source
1,1,데이터 기본개념,데이터의 '당위적 특성'에 대한 설명으로 옳은 것은?,객관적 사실로서 존재하는 형태의 정보이다.,"추론, 예측, 전망, 추정 등 의사결정을 위한 근거로 기능한다.",가공되지 않은 순수한 수치나 기호이다.,정성적 데이터만을 의미한다.,2,당위적 특성은 데이터가 추론·예측 등 의사결정의 근거로 기능함을 의미한다.,1,concept
2,1,데이터 기본개념,데이터의 '당위적 특성'에 대한 설명으로 옳은 것은?,"추론, 예측, 전망, 추정 등 의사결정을 위한 근거로 기능한다.",가공되지 않은 순수한 수치나 기호이다.,정성적 데이터만을 의미한다.,객관적 사실로서 존재하는 형태의 정보이다.,1,당위적 특성은 데이터가 추론·예측 등 의사결정의 근거로 기능함을 의미한다.,1,concept
3,1,데이터 기본개념,다음 중 데이터의 '당위적 특성'에 대한 설명으로 옳은 것은?,가공되지 않은 순수한 수치나 기호이다.,정성적 데이터만을 의미한다.,객관적 사실로서 존재하는 형태의 정보이다.,"추론, 예측, 전망, 추정 등 의사결정을 위한 근거로 기능한다.",4,당위적 특성은 데이터가 추론·예측 등 의사결정의 근거로 기능함을 의미한다.,1,concept
4,1,데이터 기본개념,보기 중에서 데이터의 '당위적 특성'에 대한 설명으로 옳은 것은?,정성적 데이터만을 의미한다.,가공되지 않은 순수한 수치나 기호이다.,"추론, 예측, 전망, 추정 등 의사결정을 위한 근거로 기능한다.",객관적 사실로서 존재하는 형태의 정보이다.,3,당위적 특성은 데이터가 추론·예측 등 의사결정의 근거로 기능함을 의미한다.,1,concept
5,1,데이터 기본개념,"텍스트, 음성, 이미지처럼 형태와 구조가 정해져 있지 않고 맥락과 주관적 해석에 의존하는 데이터는?",정량적 데이터,정성적 데이터,정형 데이터,메타데이터,2,정성적 데이터는 수치로 직접 표현할 수 없고 맥락에 의존하는 데이터이다.,2,concept
6,1,데이터 기본개념,"텍스트, 음성, 이미지처럼 형태와 구조가 정해져 있지 않고 맥락과 주관적 해석에 의존하는 데이터는?",정성적 데이터,정형 데이터,메타데이터,정량적 데이터,1,정성적 데이터는 수치로 직접 표현할 수 없고 맥락에 의존하는 데이터이다.,2,concept
7,1,데이터 기본개념,"다음 중 텍스트, 음성, 이미지처럼 형태와 구조가 정해져 있지 않고 맥락과 주관적 해석에 의존하는 데이터는?",정형 데이터,메타데이터,정량적 데이터,정성적 데이터,4,정성적 데이터는 수치로 직접 표현할 수 없고 맥락에 의존하는 데이터이다.,2,concept
8,1,데이터 기본개념,"보기 중에서 텍스트, 음성, 이미지처럼 형태와 구조가 정해져 있지 않고 맥락과 주관적 해석에 의존하는 데이터는?",메타데이터,정형 데이터,정성적 데이터,정량적 데이터,3,정성적 데이터는 수치로 직접 표현할 수 없고 맥락에 의존하는 데이터이다.,2,concept
9,1,데이터 기본개념,"숫자·기호·도형으로 표현되어 정밀한 계산이 가능하고, 데이터양이 늘어도 저장·분석이 효율적인 데이터는?",정성적 데이터,정량적 데이터,비정형 데이터,반정형 데이터,2,정량적 데이터는 수치 기반으로 계산과 분석이 용이하다.,3,concept
10,1,데이터 기본개념,"숫자·기호·도형으로 표현되어 정밀한 계산이 가능하고, 데이터양이 늘어도 저장·분석이 효율적인 데이터는?",정량적 데이터,비정형 데이터,반정형 데이터,정성적 데이터,1,정량적 데이터는 수치 기반으로 계산과 분석이 용이하다.,3,concept
11,1,데이터 기본개념,"다음 중 숫자·기호·도형으로 표현되어 정밀한 계산이 가능하고, 데이터양이 늘어도 저장·분석이 효율적인 데이터는?",비정형 데이터,반정형 데이터,정성적 데이터,정량적 데이터,4,정량적 데이터는 수치 기반으로 계산과 분석이 용이하다.,3,concept
12,1,데이터 기본개념,"보기 중에서 숫자·기호·도형으로 표현되어 정밀한 계산이 가능하고, 데이터양이 늘어도 저장·분석이 효율적인 데이터는?",반정형 데이터,비정형 데이터,정량적 데이터,정성적 데이터,3,정량적 데이터는 수치 기반으로 계산과 분석이 용이하다.,3,concept
13,1,지식경영,학습과 체험을 통해 개인에게 습득되어 겉으로 드러나지 않고 문서화가 어려운 지식은?,형식지,암묵지,메타데이터,정보,2,암묵지는 개인에게 체화되어 외부로 표출·전달하기 어려운 무형의 지식이다.,4,concept
14,1,지식경영,학습과 체험을 통해 개인에게 습득되어 겉으로 드러나지 않고 문서화가 어려운 지식은?,암묵지,메타데이터,정보,형식지,1,암묵지는 개인에게 체화되어 외부로 표출·전달하기 어려운 무형의 지식이다.,4,concept
15,1,지식경영,다음 중 학습과 체험을 통해 개인에게 습득되어 겉으로 드러나지 않고 문서화가 어려운 지식은?,메타데이터,정보,형식지,암묵지,4,암묵지는 개인에게 체화되어 외부로 표출·전달하기 어려운 무형의 지식이다.,4,concept
16,1,지식경영,보기 중에서 학습과 체험을 통해 개인에게 습득되어 겉으로 드러나지 않고 문서화가 어려운 지식은?,정보,메타데이터,암묵지,형식지,3,암묵지는 개인에게 체화되어 외부로 표출·전달하기 어려운 무형의 지식이다.,4,concept
17,1,지식경영,"교과서, 매뉴얼, 데이터베이스처럼 형상화·구조화되어 전달과 공유가 쉬운 지식은?",암묵지,형식지,직관,노하우,2,형식지는 문서화·구조화되어 누구나 쉽게 이해·활용할 수 있는 지식이다.,5,concept
18,1,지식경영,"교과서, 매뉴얼, 데이터베이스처럼 형상화·구조화되어 전달과 공유가 쉬운 지식은?",형식지,직관,노하우,암묵지,1,형식지는 문서화·구조화되어 누구나 쉽게 이해·활용할 수 있는 지식이다.,5,concept
19,1,지식경영,"다음 중 교과서, 매뉴얼, 데이터베이스처럼 형상화·구조화되어 전달과 공유가 쉬운 지식은?",직관,노하우,암묵지,형식지,4,형식지는 문서화·구조화되어 누구나 쉽게 이해·활용할 수 있는 지식이다.,5,concept
20,1,지식경영,"보기 중에서 교과서, 매뉴얼, 데이터베이스처럼 형상화·구조화되어 전달과 공유가 쉬운 지식은?",노하우,직관,형식지,암묵지,3,형식지는 문서화·구조화되어 누구나 쉽게 이해·활용할 수 있는 지식이다.,5,concept
21,1,지식경영,SECI 모델(암묵지-형식지 상호작용)에서 암묵지를 다른 사람과 공유하여 새로운 암묵지를 만드는 단계는?,표출화(Externalization),공통화(Socialization),연결화(Combination),내면화(Internalization),2,공통화는 개인의 경험과 직감을 공유해 새로운 암묵지를 생성하는 과정이다.,6,concept
22,1,지식경영,SECI 모델(암묵지-형식지 상호작용)에서 암묵지를 다른 사람과 공유하여 새로운 암묵지를 만드는 단계는?,공통화(Socialization),연결화(Combination),내면화(Internalization),표출화(Externalization),1,공통화는 개인의 경험과 직감을 공유해 새로운 암묵지를 생성하는 과정이다.,6,concept
23,1,지식경영,다음 중 SECI 모델(암묵지-형식지 상호작용)에서 암묵지를 다른 사람과 공유하여 새로운 암묵지를 만드는 단계는?,연결화(Combination),내면화(Internalization),표출화(Externalization),공통화(Socialization),4,공통화는 개인의 경험과 직감을 공유해 새로운 암묵지를 생성하는 과정이다.,6,concept
24,1,지식경영,보기 중에서 SECI 모델(암묵지-형식지 상호작용)에서 암묵지를 다른 사람과 공유하여 새로운 암묵지를 만드는 단계는?,내면화(Internalization),연결화(Combination),공통화(Socialization),표출화(Externalization),3,공통화는 개인의 경험과 직감을 공유해 새로운 암묵지를 생성하는 과정이다.,6,concept
25,1,지식경영,SECI 모델에서 암묵지를 문서화하거나 시각적 자료로 표현하여 형식지로 전환하는 단계는?,표출화(Externalization),공통화(Socialization),내면화(Internalization),연결화(Combination),1,표출화는 개인의 경험·직감을 형식지로 전환하는 과정이다.,7,concept
26,1,지식경영,SECI 모델에서 암묵지를 문서화하거나 시각적 자료로 표현하여 형식지로 전환하는 단계는?,공통화(Socialization),내면화(Internalization),연결화(Combination),표출화(Externalization),4,표출화는 개인의 경험·직감을 형식지로 전환하는 과정이다.,7,concept
27,1,지식경영,다음 중 SECI 모델에서 암묵지를 문서화하거나 시각적 자료로 표현하여 형식지로 전환하는 단계는?,내면화(Internalization),연결화(Combination),표출화(Externalization),공통화(Socialization),3,표출화는 개인의 경험·직감을 형식지로 전환하는 과정이다.,7,concept
28,1,지식경영,보기 중에서 SECI 모델에서 암묵지를 문서화하거나 시각적 자료로 표현하여 형식지로 전환하는 단계는?,연결화(Combination),내면화(Internalization),공통화(Socialization),표출화(Externalization),4,표출화는 개인의 경험·직감을 형식지로 전환하는 과정이다.,7,concept
29,1,지식경영,SECI 모델에서 기존 형식지를 조합하거나 새로운 지식을 추가해 더 발전된 형식지로 확장하는 단계는?,내면화,공통화,연결화(Combination),표출화,3,연결화는 형식지를 통합·재구성하여 새로운 관점이나 정보를 생성하는 과정이다.,8,concept
30,1,지식경영,SECI 모델에서 기존 형식지를 조합하거나 새로운 지식을 추가해 더 발전된 형식지로 확장하는 단계는?,공통화,연결화(Combination),표출화,내면화,2,연결화는 형식지를 통합·재구성하여 새로운 관점이나 정보를 생성하는 과정이다.,8,concept
31,1,지식경영,다음 중 SECI 모델에서 기존 형식지를 조합하거나 새로운 지식을 추가해 더 발전된 형식지로 확장하는 단계는?,연결화(Combination),표출화,내면화,공통화,1,연결화는 형식지를 통합·재구성하여 새로운 관점이나 정보를 생성하는 과정이다.,8,concept
32,1,지식경영,보기 중에서 SECI 모델에서 기존 형식지를 조합하거나 새로운 지식을 추가해 더 발전된 형식지로 확장하는 단계는?,표출화,연결화(Combination),공통화,내면화,2,연결화는 형식지를 통합·재구성하여 새로운 관점이나 정보를 생성하는 과정이다.,8,concept
33,1,지식경영,SECI 모델에서 형식지를 학습하여 개인의 암묵지로 습득하는 단계는?,내면화(Internalization),표출화,연결화,공통화,1,내면화는 문서·매뉴얼 등 형식지를 학습해 실무 경험을 통해 체화하는 과정이다.,9,concept
34,1,지식경영,SECI 모델에서 형식지를 학습하여 개인의 암묵지로 습득하는 단계는?,표출화,연결화,공통화,내면화(Internalization),4,내면화는 문서·매뉴얼 등 형식지를 학습해 실무 경험을 통해 체화하는 과정이다.,9,concept
35,1,지식경영,다음 중 SECI 모델에서 형식지를 학습하여 개인의 암묵지로 습득하는 단계는?,연결화,공통화,내면화(Internalization),표출화,3,내면화는 문서·매뉴얼 등 형식지를 학습해 실무 경험을 통해 체화하는 과정이다.,9,concept
36,1,지식경영,보기 중에서 SECI 모델에서 형식지를 학습하여 개인의 암묵지로 습득하는 단계는?,공통화,연결화,표출화,내면화(Internalization),4,내면화는 문서·매뉴얼 등 형식지를 학습해 실무 경험을 통해 체화하는 과정이다.,9,concept
37,1,DIKW,DIKW 피라미드에서 '가공되지 않은 순수한 수치나 기호'에 해당하는 단계는?,Information,Knowledge,Data,Wisdom,3,Data(데이터)는 가공 전 객관적 사실 및 순수한 수치·기호이다.,10,concept
38,1,DIKW,DIKW 피라미드에서 '가공되지 않은 순수한 수치나 기호'에 해당하는 단계는?,Knowledge,Data,Wisdom,Information,2,Data(데이터)는 가공 전 객관적 사실 및 순수한 수치·기호이다.,10,concept
39,1,DIKW,다음 중 DIKW 피라미드에서 '가공되지 않은 순수한 수치나 기호'에 해당하는 단계는?,Data,Wisdom,Information,Knowledge,1,Data(데이터)는 가공 전 객관적 사실 및 순수한 수치·기호이다.,10,concept
40,1,DIKW,보기 중에서 DIKW 피라미드에서 '가공되지 않은 순수한 수치나 기호'에 해당하는 단계는?,Wisdom,Data,Knowledge,Information,2,Data(데이터)는 가공 전 객관적 사실 및 순수한 수치·기호이다.,10,concept
41,1,DIKW,'A 마트의 연필이 B 마트보다 싸다'처럼 데이터를 가공하고 상관관계 속에서 패턴을 인식해 의미를 도출한 단계는?,Data,Information,Wisdom,Knowledge,2,Information(정보)은 데이터를 가공하여 의미를 부여한 상태이다.,11,concept
42,1,DIKW,'A 마트의 연필이 B 마트보다 싸다'처럼 데이터를 가공하고 상관관계 속에서 패턴을 인식해 의미를 도출한 단계는?,Information,Wisdom,Knowledge,Data,1,Information(정보)은 데이터를 가공하여 의미를 부여한 상태이다.,11,concept
43,1,DIKW,다음 중 'A 마트의 연필이 B 마트보다 싸다'처럼 데이터를 가공하고 상관관계 속에서 패턴을 인식해 의미를 도출한 단계는?,Wisdom,Knowledge,Data,Information,4,Information(정보)은 데이터를 가공하여 의미를 부여한 상태이다.,11,concept
44,1,DIKW,보기 중에서 'A 마트의 연필이 B 마트보다 싸다'처럼 데이터를 가공하고 상관관계 속에서 패턴을 인식해 의미를 도출한 단계는?,Knowledge,Wisdom,Information,Data,3,Information(정보)은 데이터를 가공하여 의미를 부여한 상태이다.,11,concept
45,1,DIKW,'A 마트가 상대적으로 저렴하니 A 마트에서 사야겠다'처럼 정보를 바탕으로 예측·행동을 도출한 DIKW 단계는?,Information,Data,Knowledge,Wisdom,3,Knowledge(지식)는 상호 연결된 정보 패턴을 이해해 예측·행동을 도출한 상태이다.,12,concept
46,1,DIKW,'A 마트가 상대적으로 저렴하니 A 마트에서 사야겠다'처럼 정보를 바탕으로 예측·행동을 도출한 DIKW 단계는?,Data,Knowledge,Wisdom,Information,2,Knowledge(지식)는 상호 연결된 정보 패턴을 이해해 예측·행동을 도출한 상태이다.,12,concept
47,1,DIKW,다음 중 'A 마트가 상대적으로 저렴하니 A 마트에서 사야겠다'처럼 정보를 바탕으로 예측·행동을 도출한 DIKW 단계는?,Knowledge,Wisdom,Information,Data,1,Knowledge(지식)는 상호 연결된 정보 패턴을 이해해 예측·행동을 도출한 상태이다.,12,concept
48,1,DIKW,보기 중에서 'A 마트가 상대적으로 저렴하니 A 마트에서 사야겠다'처럼 정보를 바탕으로 예측·행동을 도출한 DIKW 단계는?,Wisdom,Knowledge,Data,Information,2,Knowledge(지식)는 상호 연결된 정보 패턴을 이해해 예측·행동을 도출한 상태이다.,12,concept
49,1,DIKW,근본 원리에 대한 깊은 이해를 바탕으로 통찰적이고 창의적인 아이디어를 도출하는 DIKW의 최종 단계는?,Knowledge,Wisdom,Information,Data,2,Wisdom(지혜)은 근본 원리에 대한 깊은 이해로 도출되는 창의적 아이디어 단계이다.,13,concept
50,1,DIKW,근본 원리에 대한 깊은 이해를 바탕으로 통찰적이고 창의적인 아이디어를 도출하는 DIKW의 최종 단계는?,Wisdom,Information,Data,Knowledge,1,Wisdom(지혜)은 근본 원리에 대한 깊은 이해로 도출되는 창의적 아이디어 단계이다.,13,concept
51,1,DIKW,다음 중 근본 원리에 대한 깊은 이해를 바탕으로 통찰적이고 창의적인 아이디어를 도출하는 DIKW의 최종 단계는?,Information,Data,Knowledge,Wisdom,4,Wisdom(지혜)은 근본 원리에 대한 깊은 이해로 도출되는 창의적 아이디어 단계이다.,13,concept
52,1,DIKW,보기 중에서 근본 원리에 대한 깊은 이해를 바탕으로 통찰적이고 창의적인 아이디어를 도출하는 DIKW의 최종 단계는?,Data,Information,Wisdom,Knowledge,3,Wisdom(지혜)은 근본 원리에 대한 깊은 이해로 도출되는 창의적 아이디어 단계이다.,13,concept
53,1,데이터베이스,데이터베이스의 특징 중 '여러 사용자와 응용 프로그램이 동일 데이터를 공동으로 사용할 수 있음'을 의미하는 것은?,통합된 데이터,저장된 데이터,공용 데이터,변화되는 데이터,3,공용 데이터는 여러 사용자가 데이터를 공동으로 사용할 수 있다는 특징이다.,14,concept
54,1,데이터베이스,데이터베이스의 특징 중 '여러 사용자와 응용 프로그램이 동일 데이터를 공동으로 사용할 수 있음'을 의미하는 것은?,저장된 데이터,공용 데이터,변화되는 데이터,통합된 데이터,2,공용 데이터는 여러 사용자가 데이터를 공동으로 사용할 수 있다는 특징이다.,14,concept
55,1,데이터베이스,다음 중 데이터베이스의 특징 중 '여러 사용자와 응용 프로그램이 동일 데이터를 공동으로 사용할 수 있음'을 의미하는 것은?,공용 데이터,변화되는 데이터,통합된 데이터,저장된 데이터,1,공용 데이터는 여러 사용자가 데이터를 공동으로 사용할 수 있다는 특징이다.,14,concept
56,1,데이터베이스,보기 중에서 데이터베이스의 특징 중 '여러 사용자와 응용 프로그램이 동일 데이터를 공동으로 사용할 수 있음'을 의미하는 것은?,변화되는 데이터,공용 데이터,저장된 데이터,통합된 데이터,2,공용 데이터는 여러 사용자가 데이터를 공동으로 사용할 수 있다는 특징이다.,14,concept
57,1,데이터베이스,데이터베이스의 특징 중 '여러 데이터가 중복 없이 논리적으로 통합되어 있음'을 의미하는 것은?,통합된 데이터(Integrated Data),공용 데이터,변화되는 데이터,저장된 데이터,1,통합된 데이터는 중복을 최소화하여 논리적으로 통합된 데이터를 의미한다.,15,concept
58,1,데이터베이스,데이터베이스의 특징 중 '여러 데이터가 중복 없이 논리적으로 통합되어 있음'을 의미하는 것은?,공용 데이터,변화되는 데이터,저장된 데이터,통합된 데이터(Integrated Data),4,통합된 데이터는 중복을 최소화하여 논리적으로 통합된 데이터를 의미한다.,15,concept
59,1,데이터베이스,다음 중 데이터베이스의 특징 중 '여러 데이터가 중복 없이 논리적으로 통합되어 있음'을 의미하는 것은?,변화되는 데이터,저장된 데이터,통합된 데이터(Integrated Data),공용 데이터,3,통합된 데이터는 중복을 최소화하여 논리적으로 통합된 데이터를 의미한다.,15,concept
60,1,데이터베이스,보기 중에서 데이터베이스의 특징 중 '여러 데이터가 중복 없이 논리적으로 통합되어 있음'을 의미하는 것은?,저장된 데이터,변화되는 데이터,공용 데이터,통합된 데이터(Integrated Data),4,통합된 데이터는 중복을 최소화하여 논리적으로 통합된 데이터를 의미한다.,15,concept
61,1,데이터베이스,"데이터베이스를 효율적으로 관리·활용하도록 검색, 저장, 보안, 장애 복구 기능을 제공하는 소프트웨어는?",DBMS,OLAP,ETL,API,1,DBMS(DataBase Management System)는 데이터베이스를 관리하는 소프트웨어이다.,16,concept
62,1,데이터베이스,"데이터베이스를 효율적으로 관리·활용하도록 검색, 저장, 보안, 장애 복구 기능을 제공하는 소프트웨어는?",OLAP,ETL,API,DBMS,4,DBMS(DataBase Management System)는 데이터베이스를 관리하는 소프트웨어이다.,16,concept
63,1,데이터베이스,"다음 중 데이터베이스를 효율적으로 관리·활용하도록 검색, 저장, 보안, 장애 복구 기능을 제공하는 소프트웨어는?",ETL,API,DBMS,OLAP,3,DBMS(DataBase Management System)는 데이터베이스를 관리하는 소프트웨어이다.,16,concept
64,1,데이터베이스,"보기 중에서 데이터베이스를 효율적으로 관리·활용하도록 검색, 저장, 보안, 장애 복구 기능을 제공하는 소프트웨어는?",API,ETL,OLAP,DBMS,4,DBMS(DataBase Management System)는 데이터베이스를 관리하는 소프트웨어이다.,16,concept
65,1,DBMS 발전,DBMS 발전 과정 중 데이터를 테이블 형태로 구성하여 SQL로 관리·검색이 용이한 세대는?,1세대(네트워크·계층형),2세대(관계형),3세대(객체지향),4세대(NoSQL),2,2세대 관계형 DBMS는 테이블 구조와 SQL을 통해 데이터를 관리한다.,17,concept
66,1,DBMS 발전,DBMS 발전 과정 중 데이터를 테이블 형태로 구성하여 SQL로 관리·검색이 용이한 세대는?,2세대(관계형),3세대(객체지향),4세대(NoSQL),1세대(네트워크·계층형),1,2세대 관계형 DBMS는 테이블 구조와 SQL을 통해 데이터를 관리한다.,17,concept
67,1,DBMS 발전,다음 중 DBMS 발전 과정 중 데이터를 테이블 형태로 구성하여 SQL로 관리·검색이 용이한 세대는?,3세대(객체지향),4세대(NoSQL),1세대(네트워크·계층형),2세대(관계형),4,2세대 관계형 DBMS는 테이블 구조와 SQL을 통해 데이터를 관리한다.,17,concept
68,1,DBMS 발전,보기 중에서 DBMS 발전 과정 중 데이터를 테이블 형태로 구성하여 SQL로 관리·검색이 용이한 세대는?,4세대(NoSQL),3세대(객체지향),2세대(관계형),1세대(네트워크·계층형),3,2세대 관계형 DBMS는 테이블 구조와 SQL을 통해 데이터를 관리한다.,17,concept
69,1,DBMS 발전,DBMS 발전 과정 중 멀티미디어 등 비정형 데이터 처리를 위해 등장했으며 클래스와 상속 개념을 사용하는 세대는?,관계형 DBMS,객체지향 DBMS,NoSQL DBMS,계층형 DBMS,2,3세대 객체지향 DBMS는 클래스로 그룹화하고 상속을 통해 복잡한 데이터를 관리한다.,18,concept
70,1,DBMS 발전,DBMS 발전 과정 중 멀티미디어 등 비정형 데이터 처리를 위해 등장했으며 클래스와 상속 개념을 사용하는 세대는?,객체지향 DBMS,NoSQL DBMS,계층형 DBMS,관계형 DBMS,1,3세대 객체지향 DBMS는 클래스로 그룹화하고 상속을 통해 복잡한 데이터를 관리한다.,18,concept
71,1,DBMS 발전,다음 중 DBMS 발전 과정 중 멀티미디어 등 비정형 데이터 처리를 위해 등장했으며 클래스와 상속 개념을 사용하는 세대는?,NoSQL DBMS,계층형 DBMS,관계형 DBMS,객체지향 DBMS,4,3세대 객체지향 DBMS는 클래스로 그룹화하고 상속을 통해 복잡한 데이터를 관리한다.,18,concept
72,1,DBMS 발전,보기 중에서 DBMS 발전 과정 중 멀티미디어 등 비정형 데이터 처리를 위해 등장했으며 클래스와 상속 개념을 사용하는 세대는?,계층형 DBMS,NoSQL DBMS,객체지향 DBMS,관계형 DBMS,3,3세대 객체지향 DBMS는 클래스로 그룹화하고 상속을 통해 복잡한 데이터를 관리한다.,18,concept
73,1,DBMS 발전,데이터 구조를 미리 정의하지 않아 비정형 데이터 저장에 적합하고 분산 저장·대규모 처리에 유리한 DBMS 세대는?,관계형 DBMS,객체관계형 DBMS,NoSQL DBMS,계층형 DBMS,3,4세대 NoSQL DBMS는 스키마 없이 비정형 데이터의 분산 저장·대규모 처리에 유리하다.,19,concept
74,1,DBMS 발전,데이터 구조를 미리 정의하지 않아 비정형 데이터 저장에 적합하고 분산 저장·대규모 처리에 유리한 DBMS 세대는?,객체관계형 DBMS,NoSQL DBMS,계층형 DBMS,관계형 DBMS,2,4세대 NoSQL DBMS는 스키마 없이 비정형 데이터의 분산 저장·대규모 처리에 유리하다.,19,concept
75,1,DBMS 발전,다음 중 데이터 구조를 미리 정의하지 않아 비정형 데이터 저장에 적합하고 분산 저장·대규모 처리에 유리한 DBMS 세대는?,NoSQL DBMS,계층형 DBMS,관계형 DBMS,객체관계형 DBMS,1,4세대 NoSQL DBMS는 스키마 없이 비정형 데이터의 분산 저장·대규모 처리에 유리하다.,19,concept
76,1,DBMS 발전,보기 중에서 데이터 구조를 미리 정의하지 않아 비정형 데이터 저장에 적합하고 분산 저장·대규모 처리에 유리한 DBMS 세대는?,계층형 DBMS,NoSQL DBMS,객체관계형 DBMS,관계형 DBMS,2,4세대 NoSQL DBMS는 스키마 없이 비정형 데이터의 분산 저장·대규모 처리에 유리하다.,19,concept
77,1,데이터 유형,고정된 필드와 스키마로 정의되며 RDBMS에 저장되어 SQL로 검색·관리가 용이한 데이터는?,비정형 데이터,반정형 데이터,정형 데이터,메타데이터,3,정형 데이터는 정해진 형식과 스키마를 가지며 RDBMS에 저장된다.,20,concept
78,1,데이터 유형,고정된 필드와 스키마로 정의되며 RDBMS에 저장되어 SQL로 검색·관리가 용이한 데이터는?,반정형 데이터,정형 데이터,메타데이터,비정형 데이터,2,정형 데이터는 정해진 형식과 스키마를 가지며 RDBMS에 저장된다.,20,concept
79,1,데이터 유형,다음 중 고정된 필드와 스키마로 정의되며 RDBMS에 저장되어 SQL로 검색·관리가 용이한 데이터는?,정형 데이터,메타데이터,비정형 데이터,반정형 데이터,1,정형 데이터는 정해진 형식과 스키마를 가지며 RDBMS에 저장된다.,20,concept
80,1,데이터 유형,보기 중에서 고정된 필드와 스키마로 정의되며 RDBMS에 저장되어 SQL로 검색·관리가 용이한 데이터는?,메타데이터,정형 데이터,반정형 데이터,비정형 데이터,2,정형 데이터는 정해진 형식과 스키마를 가지며 RDBMS에 저장된다.,20,concept
81,1,데이터 유형,"고정된 스키마는 없지만 태그나 키-값 구조로 구성이 정의되는 HTML, XML, JSON 같은 데이터는?",정형 데이터,반정형 데이터,비정형 데이터,정량적 데이터,2,반정형 데이터는 메타데이터를 포함하며 태그·키-값 구조로 정의되는 데이터이다.,21,concept
82,1,데이터 유형,"고정된 스키마는 없지만 태그나 키-값 구조로 구성이 정의되는 HTML, XML, JSON 같은 데이터는?",반정형 데이터,비정형 데이터,정량적 데이터,정형 데이터,1,반정형 데이터는 메타데이터를 포함하며 태그·키-값 구조로 정의되는 데이터이다.,21,concept
83,1,데이터 유형,"다음 중 고정된 스키마는 없지만 태그나 키-값 구조로 구성이 정의되는 HTML, XML, JSON 같은 데이터는?",비정형 데이터,정량적 데이터,정형 데이터,반정형 데이터,4,반정형 데이터는 메타데이터를 포함하며 태그·키-값 구조로 정의되는 데이터이다.,21,concept
84,1,데이터 유형,"보기 중에서 고정된 스키마는 없지만 태그나 키-값 구조로 구성이 정의되는 HTML, XML, JSON 같은 데이터는?",정량적 데이터,비정형 데이터,반정형 데이터,정형 데이터,3,반정형 데이터는 메타데이터를 포함하며 태그·키-값 구조로 정의되는 데이터이다.,21,concept
85,1,데이터 유형,"이미지, 동영상, 오디오처럼 정해진 형식이나 구조가 없어 분석·처리에 특수한 도구가 필요한 데이터는?",정형 데이터,반정형 데이터,비정형 데이터,정성적 데이터,3,비정형 데이터는 형태와 구조가 정형화되지 않은 데이터이다.,22,concept
86,1,데이터 유형,"이미지, 동영상, 오디오처럼 정해진 형식이나 구조가 없어 분석·처리에 특수한 도구가 필요한 데이터는?",반정형 데이터,비정형 데이터,정성적 데이터,정형 데이터,2,비정형 데이터는 형태와 구조가 정형화되지 않은 데이터이다.,22,concept
87,1,데이터 유형,"다음 중 이미지, 동영상, 오디오처럼 정해진 형식이나 구조가 없어 분석·처리에 특수한 도구가 필요한 데이터는?",비정형 데이터,정성적 데이터,정형 데이터,반정형 데이터,1,비정형 데이터는 형태와 구조가 정형화되지 않은 데이터이다.,22,concept
88,1,데이터 유형,"보기 중에서 이미지, 동영상, 오디오처럼 정해진 형식이나 구조가 없어 분석·처리에 특수한 도구가 필요한 데이터는?",정성적 데이터,비정형 데이터,반정형 데이터,정형 데이터,2,비정형 데이터는 형태와 구조가 정형화되지 않은 데이터이다.,22,concept
89,1,DB설계,데이터베이스 설계 절차 중 엔티티와 관계를 정의하여 전체적인 구조를 설계하는 단계는?,요구 조건 분석,개념적 설계(E-R 모델),논리적 설계,물리적 설계,2,개념적 설계 단계에서 E-R 모델로 엔티티와 관계를 정의한다.,23,concept
90,1,DB설계,데이터베이스 설계 절차 중 엔티티와 관계를 정의하여 전체적인 구조를 설계하는 단계는?,개념적 설계(E-R 모델),논리적 설계,물리적 설계,요구 조건 분석,1,개념적 설계 단계에서 E-R 모델로 엔티티와 관계를 정의한다.,23,concept
91,1,DB설계,다음 중 데이터베이스 설계 절차 중 엔티티와 관계를 정의하여 전체적인 구조를 설계하는 단계는?,논리적 설계,물리적 설계,요구 조건 분석,개념적 설계(E-R 모델),4,개념적 설계 단계에서 E-R 모델로 엔티티와 관계를 정의한다.,23,concept
92,1,DB설계,보기 중에서 데이터베이스 설계 절차 중 엔티티와 관계를 정의하여 전체적인 구조를 설계하는 단계는?,물리적 설계,논리적 설계,개념적 설계(E-R 모델),요구 조건 분석,3,개념적 설계 단계에서 E-R 모델로 엔티티와 관계를 정의한다.,23,concept
93,1,DB설계,데이터베이스 설계 절차 중 저장소 및 성능을 최적화하여 실제 환경에서 구현하는 단계는?,요구 조건 분석,개념적 설계,논리적 설계,물리적 설계,4,물리적 설계는 실제 구현 환경에서 저장소와 성능을 최적화하는 단계이다.,24,concept
94,1,DB설계,데이터베이스 설계 절차 중 저장소 및 성능을 최적화하여 실제 환경에서 구현하는 단계는?,개념적 설계,논리적 설계,물리적 설계,요구 조건 분석,3,물리적 설계는 실제 구현 환경에서 저장소와 성능을 최적화하는 단계이다.,24,concept
95,1,DB설계,다음 중 데이터베이스 설계 절차 중 저장소 및 성능을 최적화하여 실제 환경에서 구현하는 단계는?,논리적 설계,물리적 설계,요구 조건 분석,개념적 설계,2,물리적 설계는 실제 구현 환경에서 저장소와 성능을 최적화하는 단계이다.,24,concept
96,1,DB설계,보기 중에서 데이터베이스 설계 절차 중 저장소 및 성능을 최적화하여 실제 환경에서 구현하는 단계는?,물리적 설계,논리적 설계,개념적 설계,요구 조건 분석,1,물리적 설계는 실제 구현 환경에서 저장소와 성능을 최적화하는 단계이다.,24,concept
97,1,DW·데이터마트,기업의 모든 데이터를 중앙 집중화하여 통합 저장하고 의사결정을 지원하는 대규모 데이터 저장소는?,데이터 마트,데이터 웨어하우스,데이터 레이크,OLTP,2,데이터 웨어하우스는 통합·주제중심·시간가변적·비휘발성 특징을 가진 대규모 저장소이다.,25,concept
98,1,DW·데이터마트,기업의 모든 데이터를 중앙 집중화하여 통합 저장하고 의사결정을 지원하는 대규모 데이터 저장소는?,데이터 웨어하우스,데이터 레이크,OLTP,데이터 마트,1,데이터 웨어하우스는 통합·주제중심·시간가변적·비휘발성 특징을 가진 대규모 저장소이다.,25,concept
99,1,DW·데이터마트,다음 중 기업의 모든 데이터를 중앙 집중화하여 통합 저장하고 의사결정을 지원하는 대규모 데이터 저장소는?,데이터 레이크,OLTP,데이터 마트,데이터 웨어하우스,4,데이터 웨어하우스는 통합·주제중심·시간가변적·비휘발성 특징을 가진 대규모 저장소이다.,25,concept
100,1,DW·데이터마트,보기 중에서 기업의 모든 데이터를 중앙 집중화하여 통합 저장하고 의사결정을 지원하는 대규모 데이터 저장소는?,OLTP,데이터 레이크,데이터 웨어하우스,데이터 마트,3,데이터 웨어하우스는 통합·주제중심·시간가변적·비휘발성 특징을 가진 대규모 저장소이다.,25,concept
101,1,DW·데이터마트,데이터 웨어하우스의 데이터를 특정 부서나 비즈니스 영역에 최적화하여 제공하는 소규모 저장소는?,데이터 마트,데이터 웨어하우스,데이터 레이크,메타데이터 저장소,1,데이터 마트는 특정 부서·영역에 초점을 맞춘 소규모 데이터 웨어하우스이다.,26,concept
102,1,DW·데이터마트,데이터 웨어하우스의 데이터를 특정 부서나 비즈니스 영역에 최적화하여 제공하는 소규모 저장소는?,데이터 웨어하우스,데이터 레이크,메타데이터 저장소,데이터 마트,4,데이터 마트는 특정 부서·영역에 초점을 맞춘 소규모 데이터 웨어하우스이다.,26,concept
103,1,DW·데이터마트,다음 중 데이터 웨어하우스의 데이터를 특정 부서나 비즈니스 영역에 최적화하여 제공하는 소규모 저장소는?,데이터 레이크,메타데이터 저장소,데이터 마트,데이터 웨어하우스,3,데이터 마트는 특정 부서·영역에 초점을 맞춘 소규모 데이터 웨어하우스이다.,26,concept
104,1,DW·데이터마트,보기 중에서 데이터 웨어하우스의 데이터를 특정 부서나 비즈니스 영역에 최적화하여 제공하는 소규모 저장소는?,메타데이터 저장소,데이터 레이크,데이터 웨어하우스,데이터 마트,4,데이터 마트는 특정 부서·영역에 초점을 맞춘 소규모 데이터 웨어하우스이다.,26,concept
105,1,DW·데이터마트,데이터 웨어하우스의 4대 특징에 해당하지 않는 것은?,주제 지향적,비휘발성,실시간 트랜잭션 처리,시간 가변적(시계열성),3,"실시간 트랜잭션 처리는 OLTP의 특징이며, DW는 통합·주제지향·시계열성·비휘발성이 특징이다.",27,concept
106,1,DW·데이터마트,데이터 웨어하우스의 4대 특징에 해당하지 않는 것은?,비휘발성,실시간 트랜잭션 처리,시간 가변적(시계열성),주제 지향적,2,"실시간 트랜잭션 처리는 OLTP의 특징이며, DW는 통합·주제지향·시계열성·비휘발성이 특징이다.",27,concept
107,1,DW·데이터마트,다음 중 데이터 웨어하우스의 4대 특징에 해당하지 않는 것은?,실시간 트랜잭션 처리,시간 가변적(시계열성),주제 지향적,비휘발성,1,"실시간 트랜잭션 처리는 OLTP의 특징이며, DW는 통합·주제지향·시계열성·비휘발성이 특징이다.",27,concept
108,1,DW·데이터마트,보기 중에서 데이터 웨어하우스의 4대 특징에 해당하지 않는 것은?,시간 가변적(시계열성),실시간 트랜잭션 처리,비휘발성,주제 지향적,2,"실시간 트랜잭션 처리는 OLTP의 특징이며, DW는 통합·주제지향·시계열성·비휘발성이 특징이다.",27,concept
109,1,OLTP·OLAP,은행 ATM 입출금처럼 여러 사용자가 실시간으로 데이터베이스를 갱신·조회하는 시스템은?,OLAP,OLTP,ETL,EAI,2,OLTP(On-Line Transaction Processing)는 실시간 트랜잭션 처리 시스템이다.,28,concept
110,1,OLTP·OLAP,은행 ATM 입출금처럼 여러 사용자가 실시간으로 데이터베이스를 갱신·조회하는 시스템은?,OLTP,ETL,EAI,OLAP,1,OLTP(On-Line Transaction Processing)는 실시간 트랜잭션 처리 시스템이다.,28,concept
111,1,OLTP·OLAP,다음 중 은행 ATM 입출금처럼 여러 사용자가 실시간으로 데이터베이스를 갱신·조회하는 시스템은?,ETL,EAI,OLAP,OLTP,4,OLTP(On-Line Transaction Processing)는 실시간 트랜잭션 처리 시스템이다.,28,concept
112,1,OLTP·OLAP,보기 중에서 은행 ATM 입출금처럼 여러 사용자가 실시간으로 데이터베이스를 갱신·조회하는 시스템은?,EAI,ETL,OLTP,OLAP,3,OLTP(On-Line Transaction Processing)는 실시간 트랜잭션 처리 시스템이다.,28,concept
113,1,OLTP·OLAP,수집된 데이터를 다차원적으로 분석하여 의사결정에 활용할 정보를 도출하는 시스템은?,OLTP,OLAP,SCM,CRM,2,OLAP(On-Line Analytical Processing)는 다차원 데이터를 대화식으로 분석하는 시스템이다.,29,concept
114,1,OLTP·OLAP,수집된 데이터를 다차원적으로 분석하여 의사결정에 활용할 정보를 도출하는 시스템은?,OLAP,SCM,CRM,OLTP,1,OLAP(On-Line Analytical Processing)는 다차원 데이터를 대화식으로 분석하는 시스템이다.,29,concept
115,1,OLTP·OLAP,다음 중 수집된 데이터를 다차원적으로 분석하여 의사결정에 활용할 정보를 도출하는 시스템은?,SCM,CRM,OLTP,OLAP,4,OLAP(On-Line Analytical Processing)는 다차원 데이터를 대화식으로 분석하는 시스템이다.,29,concept
116,1,OLTP·OLAP,보기 중에서 수집된 데이터를 다차원적으로 분석하여 의사결정에 활용할 정보를 도출하는 시스템은?,CRM,SCM,OLAP,OLTP,3,OLAP(On-Line Analytical Processing)는 다차원 데이터를 대화식으로 분석하는 시스템이다.,29,concept
117,1,기업 DB솔루션,고객과의 관계를 관리·강화하여 장기적 고객 유지와 수익 창출을 목표로 하는 솔루션은?,SCM,CRM,ERP,BI,2,CRM(Customer Relationship Management)은 고객 관계 관리를 통한 수익 창출을 목표로 한다.,30,concept
118,1,기업 DB솔루션,고객과의 관계를 관리·강화하여 장기적 고객 유지와 수익 창출을 목표로 하는 솔루션은?,CRM,ERP,BI,SCM,1,CRM(Customer Relationship Management)은 고객 관계 관리를 통한 수익 창출을 목표로 한다.,30,concept
119,1,기업 DB솔루션,다음 중 고객과의 관계를 관리·강화하여 장기적 고객 유지와 수익 창출을 목표로 하는 솔루션은?,ERP,BI,SCM,CRM,4,CRM(Customer Relationship Management)은 고객 관계 관리를 통한 수익 창출을 목표로 한다.,30,concept
120,1,기업 DB솔루션,보기 중에서 고객과의 관계를 관리·강화하여 장기적 고객 유지와 수익 창출을 목표로 하는 솔루션은?,BI,ERP,CRM,SCM,3,CRM(Customer Relationship Management)은 고객 관계 관리를 통한 수익 창출을 목표로 한다.,30,concept
121,1,기업 DB솔루션,제조·물류·유통 등 공급망 전 과정을 최적화하여 재고 관리와 비용 절감을 목표로 하는 솔루션은?,CRM,SCM,BA,EAI,2,SCM(Supply Chain Management)은 공급망을 최적화하는 솔루션이다.,31,concept
122,1,기업 DB솔루션,제조·물류·유통 등 공급망 전 과정을 최적화하여 재고 관리와 비용 절감을 목표로 하는 솔루션은?,SCM,BA,EAI,CRM,1,SCM(Supply Chain Management)은 공급망을 최적화하는 솔루션이다.,31,concept
123,1,기업 DB솔루션,다음 중 제조·물류·유통 등 공급망 전 과정을 최적화하여 재고 관리와 비용 절감을 목표로 하는 솔루션은?,BA,EAI,CRM,SCM,4,SCM(Supply Chain Management)은 공급망을 최적화하는 솔루션이다.,31,concept
124,1,기업 DB솔루션,보기 중에서 제조·물류·유통 등 공급망 전 과정을 최적화하여 재고 관리와 비용 절감을 목표로 하는 솔루션은?,EAI,BA,SCM,CRM,3,SCM(Supply Chain Management)은 공급망을 최적화하는 솔루션이다.,31,concept
125,1,기업 DB솔루션,제조·구매·재고·주문 등 기업의 핵심 비즈니스 프로세스를 통합 관리하는 시스템은?,ERP,BI,OLAP,CRM,1,ERP(Enterprise Resource Planning)는 기업 핵심 프로세스를 통합 관리하는 시스템이다.,32,concept
126,1,기업 DB솔루션,제조·구매·재고·주문 등 기업의 핵심 비즈니스 프로세스를 통합 관리하는 시스템은?,BI,OLAP,CRM,ERP,4,ERP(Enterprise Resource Planning)는 기업 핵심 프로세스를 통합 관리하는 시스템이다.,32,concept
127,1,기업 DB솔루션,다음 중 제조·구매·재고·주문 등 기업의 핵심 비즈니스 프로세스를 통합 관리하는 시스템은?,OLAP,CRM,ERP,BI,3,ERP(Enterprise Resource Planning)는 기업 핵심 프로세스를 통합 관리하는 시스템이다.,32,concept
128,1,기업 DB솔루션,보기 중에서 제조·구매·재고·주문 등 기업의 핵심 비즈니스 프로세스를 통합 관리하는 시스템은?,CRM,OLAP,BI,ERP,4,ERP(Enterprise Resource Planning)는 기업 핵심 프로세스를 통합 관리하는 시스템이다.,32,concept
129,1,기업 DB솔루션,과거 데이터를 분석해 현재 상태를 시각적으로 이해하도록 돕는 리포트 중심의 도구는?,BA(Business Analytics),BI(Business Intelligence),ERP,SCM,2,BI는 과거 데이터를 분석해 현재 상태를 리포트 형태로 제공하는 도구이다.,33,concept
130,1,기업 DB솔루션,과거 데이터를 분석해 현재 상태를 시각적으로 이해하도록 돕는 리포트 중심의 도구는?,BI(Business Intelligence),ERP,SCM,BA(Business Analytics),1,BI는 과거 데이터를 분석해 현재 상태를 리포트 형태로 제공하는 도구이다.,33,concept
131,1,기업 DB솔루션,다음 중 과거 데이터를 분석해 현재 상태를 시각적으로 이해하도록 돕는 리포트 중심의 도구는?,ERP,SCM,BA(Business Analytics),BI(Business Intelligence),4,BI는 과거 데이터를 분석해 현재 상태를 리포트 형태로 제공하는 도구이다.,33,concept
132,1,기업 DB솔루션,보기 중에서 과거 데이터를 분석해 현재 상태를 시각적으로 이해하도록 돕는 리포트 중심의 도구는?,SCM,ERP,BI(Business Intelligence),BA(Business Analytics),3,BI는 과거 데이터를 분석해 현재 상태를 리포트 형태로 제공하는 도구이다.,33,concept
133,1,기업 DB솔루션,BI보다 고급 통계·수학적 모델링과 머신러닝을 활용해 미래를 예측하는 도구는?,BI,BA(Business Analytics),EAI,ERP,2,BA는 BI보다 진보된 형태로 통계·머신러닝을 활용한 예측 분석에 초점을 둔다.,34,concept
134,1,기업 DB솔루션,BI보다 고급 통계·수학적 모델링과 머신러닝을 활용해 미래를 예측하는 도구는?,BA(Business Analytics),EAI,ERP,BI,1,BA는 BI보다 진보된 형태로 통계·머신러닝을 활용한 예측 분석에 초점을 둔다.,34,concept
135,1,기업 DB솔루션,다음 중 BI보다 고급 통계·수학적 모델링과 머신러닝을 활용해 미래를 예측하는 도구는?,EAI,ERP,BI,BA(Business Analytics),4,BA는 BI보다 진보된 형태로 통계·머신러닝을 활용한 예측 분석에 초점을 둔다.,34,concept
136,1,기업 DB솔루션,보기 중에서 BI보다 고급 통계·수학적 모델링과 머신러닝을 활용해 미래를 예측하는 도구는?,ERP,EAI,BA(Business Analytics),BI,3,BA는 BI보다 진보된 형태로 통계·머신러닝을 활용한 예측 분석에 초점을 둔다.,34,concept
137,1,기업 DB솔루션,네트워크 참여자들이 거래 데이터를 분산 저장하여 데이터의 위·변조를 방지하는 기술은?,블록체인,EAI,VAN,NoSQL,1,블록체인은 분산 저장 구조로 데이터 위·변조를 방지하는 기술이다.,35,concept
138,1,기업 DB솔루션,네트워크 참여자들이 거래 데이터를 분산 저장하여 데이터의 위·변조를 방지하는 기술은?,EAI,VAN,NoSQL,블록체인,4,블록체인은 분산 저장 구조로 데이터 위·변조를 방지하는 기술이다.,35,concept
139,1,기업 DB솔루션,다음 중 네트워크 참여자들이 거래 데이터를 분산 저장하여 데이터의 위·변조를 방지하는 기술은?,VAN,NoSQL,블록체인,EAI,3,블록체인은 분산 저장 구조로 데이터 위·변조를 방지하는 기술이다.,35,concept
140,1,기업 DB솔루션,보기 중에서 네트워크 참여자들이 거래 데이터를 분산 저장하여 데이터의 위·변조를 방지하는 기술은?,NoSQL,VAN,EAI,블록체인,4,블록체인은 분산 저장 구조로 데이터 위·변조를 방지하는 기술이다.,35,concept
141,1,빅데이터 특징,빅데이터의 3V에 해당하지 않는 것은?,Volume(규모),Variety(다양성),Velocity(속도),Value(가치),4,"3V는 Volume·Variety·Velocity이며, Value는 4V·5V에서 추가되는 요소이다.",36,concept
142,1,빅데이터 특징,빅데이터의 3V에 해당하지 않는 것은?,Variety(다양성),Velocity(속도),Value(가치),Volume(규모),3,"3V는 Volume·Variety·Velocity이며, Value는 4V·5V에서 추가되는 요소이다.",36,concept
143,1,빅데이터 특징,다음 중 빅데이터의 3V에 해당하지 않는 것은?,Velocity(속도),Value(가치),Volume(규모),Variety(다양성),2,"3V는 Volume·Variety·Velocity이며, Value는 4V·5V에서 추가되는 요소이다.",36,concept
144,1,빅데이터 특징,보기 중에서 빅데이터의 3V에 해당하지 않는 것은?,Value(가치),Velocity(속도),Variety(다양성),Volume(규모),1,"3V는 Volume·Variety·Velocity이며, Value는 4V·5V에서 추가되는 요소이다.",36,concept
145,1,빅데이터 특징,비즈니스 효과(ROI) 관점에서 3V에 추가되는 빅데이터의 4번째 V는?,Veracity,Value,Variability,Visualization,2,4V는 3V(Volume·Variety·Velocity)에 Value(가치)를 더한 것이다.,37,concept
146,1,빅데이터 특징,비즈니스 효과(ROI) 관점에서 3V에 추가되는 빅데이터의 4번째 V는?,Value,Variability,Visualization,Veracity,1,4V는 3V(Volume·Variety·Velocity)에 Value(가치)를 더한 것이다.,37,concept
147,1,빅데이터 특징,다음 중 비즈니스 효과(ROI) 관점에서 3V에 추가되는 빅데이터의 4번째 V는?,Variability,Visualization,Veracity,Value,4,4V는 3V(Volume·Variety·Velocity)에 Value(가치)를 더한 것이다.,37,concept
148,1,빅데이터 특징,보기 중에서 비즈니스 효과(ROI) 관점에서 3V에 추가되는 빅데이터의 4번째 V는?,Visualization,Variability,Value,Veracity,3,4V는 3V(Volume·Variety·Velocity)에 Value(가치)를 더한 것이다.,37,concept
149,1,빅데이터 특징,"빅데이터 5V 중 데이터의 신뢰성과 정확성, 즉 데이터 품질을 의미하는 것은?",Value,Velocity,Veracity,Variety,3,Veracity(정확성)는 데이터의 신뢰성과 품질을 의미하는 5V 중 하나이다.,38,concept
150,1,빅데이터 특징,"빅데이터 5V 중 데이터의 신뢰성과 정확성, 즉 데이터 품질을 의미하는 것은?",Velocity,Veracity,Variety,Value,2,Veracity(정확성)는 데이터의 신뢰성과 품질을 의미하는 5V 중 하나이다.,38,concept
151,1,빅데이터 특징,"다음 중 빅데이터 5V 중 데이터의 신뢰성과 정확성, 즉 데이터 품질을 의미하는 것은?",Veracity,Variety,Value,Velocity,1,Veracity(정확성)는 데이터의 신뢰성과 품질을 의미하는 5V 중 하나이다.,38,concept
152,1,빅데이터 특징,"보기 중에서 빅데이터 5V 중 데이터의 신뢰성과 정확성, 즉 데이터 품질을 의미하는 것은?",Variety,Veracity,Velocity,Value,2,Veracity(정확성)는 데이터의 신뢰성과 품질을 의미하는 5V 중 하나이다.,38,concept
153,1,빅데이터 출현배경,데이터를 양적으로 축적하다 보면 어느 순간 질적으로 새로운 가치를 창출하는 전환점이 온다는 개념은?,양질전환 법칙,중심극한정리,파레토 법칙,무어의 법칙,1,양질전환 법칙은 데이터의 양적 축적이 질적 가치 창출로 전환된다는 산업계의 개념이다.,39,concept
154,1,빅데이터 출현배경,데이터를 양적으로 축적하다 보면 어느 순간 질적으로 새로운 가치를 창출하는 전환점이 온다는 개념은?,중심극한정리,파레토 법칙,무어의 법칙,양질전환 법칙,4,양질전환 법칙은 데이터의 양적 축적이 질적 가치 창출로 전환된다는 산업계의 개념이다.,39,concept
155,1,빅데이터 출현배경,다음 중 데이터를 양적으로 축적하다 보면 어느 순간 질적으로 새로운 가치를 창출하는 전환점이 온다는 개념은?,파레토 법칙,무어의 법칙,양질전환 법칙,중심극한정리,3,양질전환 법칙은 데이터의 양적 축적이 질적 가치 창출로 전환된다는 산업계의 개념이다.,39,concept
156,1,빅데이터 출현배경,보기 중에서 데이터를 양적으로 축적하다 보면 어느 순간 질적으로 새로운 가치를 창출하는 전환점이 온다는 개념은?,무어의 법칙,파레토 법칙,중심극한정리,양질전환 법칙,4,양질전환 법칙은 데이터의 양적 축적이 질적 가치 창출로 전환된다는 산업계의 개념이다.,39,concept
157,1,빅데이터 출현배경,빅데이터 등장의 기술적 배경으로 옳지 않은 것은?,클라우드 컴퓨팅으로 저비용 데이터 관리 가능,하둡 등 분산 저장 기술 등장,표본조사 기법의 정교화,저장 처리 장치 가격 하락,3,"표본조사 정교화가 아니라, 전수조사가 가능해진 것이 빅데이터 시대의 특징이다.",40,concept
158,1,빅데이터 출현배경,빅데이터 등장의 기술적 배경으로 옳지 않은 것은?,하둡 등 분산 저장 기술 등장,표본조사 기법의 정교화,저장 처리 장치 가격 하락,클라우드 컴퓨팅으로 저비용 데이터 관리 가능,2,"표본조사 정교화가 아니라, 전수조사가 가능해진 것이 빅데이터 시대의 특징이다.",40,concept
159,1,빅데이터 출현배경,다음 중 빅데이터 등장의 기술적 배경으로 옳지 않은 것은?,표본조사 기법의 정교화,저장 처리 장치 가격 하락,클라우드 컴퓨팅으로 저비용 데이터 관리 가능,하둡 등 분산 저장 기술 등장,1,"표본조사 정교화가 아니라, 전수조사가 가능해진 것이 빅데이터 시대의 특징이다.",40,concept
160,1,빅데이터 출현배경,보기 중에서 빅데이터 등장의 기술적 배경으로 옳지 않은 것은?,저장 처리 장치 가격 하락,표본조사 기법의 정교화,하둡 등 분산 저장 기술 등장,클라우드 컴퓨팅으로 저비용 데이터 관리 가능,2,"표본조사 정교화가 아니라, 전수조사가 가능해진 것이 빅데이터 시대의 특징이다.",40,concept
161,1,빅데이터 가치,빅데이터가 만들어내는 본질적 변화로 옳지 않은 것은?,사전처리에서 사후처리로,표본조사에서 전수조사로,상관관계에서 인과관계로,질보다 양으로,3,빅데이터 시대에는 인과관계보다 상관관계 분석에 초점을 맞추는 방향으로 변화했다.,41,concept
162,1,빅데이터 가치,빅데이터가 만들어내는 본질적 변화로 옳지 않은 것은?,표본조사에서 전수조사로,상관관계에서 인과관계로,질보다 양으로,사전처리에서 사후처리로,2,빅데이터 시대에는 인과관계보다 상관관계 분석에 초점을 맞추는 방향으로 변화했다.,41,concept
163,1,빅데이터 가치,다음 중 빅데이터가 만들어내는 본질적 변화로 옳지 않은 것은?,상관관계에서 인과관계로,질보다 양으로,사전처리에서 사후처리로,표본조사에서 전수조사로,1,빅데이터 시대에는 인과관계보다 상관관계 분석에 초점을 맞추는 방향으로 변화했다.,41,concept
164,1,빅데이터 가치,보기 중에서 빅데이터가 만들어내는 본질적 변화로 옳지 않은 것은?,질보다 양으로,상관관계에서 인과관계로,표본조사에서 전수조사로,사전처리에서 사후처리로,2,빅데이터 시대에는 인과관계보다 상관관계 분석에 초점을 맞추는 방향으로 변화했다.,41,concept
165,1,빅데이터 가치,빅데이터의 가치 산정이 어려운 이유로 옳지 않은 것은?,데이터가 재사용되고 다양한 목적으로 활용되기 때문,데이터가 기존에 없던 새로운 가치를 창출하기 때문,분석 기술 발달로 가치가 달라지기 때문,데이터의 저장 용량이 항상 일정하기 때문,4,"저장 용량의 일정함은 가치 산정 어려움과 무관하며, 활용 방식의 다양성과 새로운 기술이 주된 이유이다.",42,concept
166,1,빅데이터 가치,빅데이터의 가치 산정이 어려운 이유로 옳지 않은 것은?,데이터가 기존에 없던 새로운 가치를 창출하기 때문,분석 기술 발달로 가치가 달라지기 때문,데이터의 저장 용량이 항상 일정하기 때문,데이터가 재사용되고 다양한 목적으로 활용되기 때문,3,"저장 용량의 일정함은 가치 산정 어려움과 무관하며, 활용 방식의 다양성과 새로운 기술이 주된 이유이다.",42,concept
167,1,빅데이터 가치,다음 중 빅데이터의 가치 산정이 어려운 이유로 옳지 않은 것은?,분석 기술 발달로 가치가 달라지기 때문,데이터의 저장 용량이 항상 일정하기 때문,데이터가 재사용되고 다양한 목적으로 활용되기 때문,데이터가 기존에 없던 새로운 가치를 창출하기 때문,2,"저장 용량의 일정함은 가치 산정 어려움과 무관하며, 활용 방식의 다양성과 새로운 기술이 주된 이유이다.",42,concept
168,1,빅데이터 가치,보기 중에서 빅데이터의 가치 산정이 어려운 이유로 옳지 않은 것은?,데이터의 저장 용량이 항상 일정하기 때문,분석 기술 발달로 가치가 달라지기 때문,데이터가 기존에 없던 새로운 가치를 창출하기 때문,데이터가 재사용되고 다양한 목적으로 활용되기 때문,1,"저장 용량의 일정함은 가치 산정 어려움과 무관하며, 활용 방식의 다양성과 새로운 기술이 주된 이유이다.",42,concept
169,1,빅데이터 활용기법,장바구니 분석처럼 데이터 변수 간 상관관계(함께 발생 가능성)를 찾아내는 빅데이터 활용 기법은?,유전 알고리즘,연관규칙학습,감성분석,소셜 네트워크 분석,2,연관규칙학습은 항목 간 함께 발생할 가능성이 높은 상관관계를 찾는 기법이다.,43,concept
170,1,빅데이터 활용기법,장바구니 분석처럼 데이터 변수 간 상관관계(함께 발생 가능성)를 찾아내는 빅데이터 활용 기법은?,연관규칙학습,감성분석,소셜 네트워크 분석,유전 알고리즘,1,연관규칙학습은 항목 간 함께 발생할 가능성이 높은 상관관계를 찾는 기법이다.,43,concept
171,1,빅데이터 활용기법,다음 중 장바구니 분석처럼 데이터 변수 간 상관관계(함께 발생 가능성)를 찾아내는 빅데이터 활용 기법은?,감성분석,소셜 네트워크 분석,유전 알고리즘,연관규칙학습,4,연관규칙학습은 항목 간 함께 발생할 가능성이 높은 상관관계를 찾는 기법이다.,43,concept
172,1,빅데이터 활용기법,보기 중에서 장바구니 분석처럼 데이터 변수 간 상관관계(함께 발생 가능성)를 찾아내는 빅데이터 활용 기법은?,소셜 네트워크 분석,감성분석,연관규칙학습,유전 알고리즘,3,연관규칙학습은 항목 간 함께 발생할 가능성이 높은 상관관계를 찾는 기법이다.,43,concept
173,1,빅데이터 활용기법,자연선택과 유전학 원리를 활용해 최적화 문제를 해결하는 빅데이터 활용 기법은?,유전 알고리즘,회귀분석,군집 분석,기계 학습,1,유전 알고리즘은 자연선택·돌연변이 메커니즘으로 점진적으로 최적해를 찾는 기법이다.,44,concept
174,1,빅데이터 활용기법,자연선택과 유전학 원리를 활용해 최적화 문제를 해결하는 빅데이터 활용 기법은?,회귀분석,군집 분석,기계 학습,유전 알고리즘,4,유전 알고리즘은 자연선택·돌연변이 메커니즘으로 점진적으로 최적해를 찾는 기법이다.,44,concept
175,1,빅데이터 활용기법,다음 중 자연선택과 유전학 원리를 활용해 최적화 문제를 해결하는 빅데이터 활용 기법은?,군집 분석,기계 학습,유전 알고리즘,회귀분석,3,유전 알고리즘은 자연선택·돌연변이 메커니즘으로 점진적으로 최적해를 찾는 기법이다.,44,concept
176,1,빅데이터 활용기법,보기 중에서 자연선택과 유전학 원리를 활용해 최적화 문제를 해결하는 빅데이터 활용 기법은?,기계 학습,군집 분석,회귀분석,유전 알고리즘,4,유전 알고리즘은 자연선택·돌연변이 메커니즘으로 점진적으로 최적해를 찾는 기법이다.,44,concept
177,1,빅데이터 활용기법,텍스트 데이터에서 긍정·부정 감정을 파악하여 의견과 평가를 분석하는 기법은?,회귀분석,감성분석,유형 분석,소셜 네트워크 분석,2,감성분석은 텍스트에서 긍정·부정 감정을 분석하는 기법이다.,45,concept
178,1,빅데이터 활용기법,텍스트 데이터에서 긍정·부정 감정을 파악하여 의견과 평가를 분석하는 기법은?,감성분석,유형 분석,소셜 네트워크 분석,회귀분석,1,감성분석은 텍스트에서 긍정·부정 감정을 분석하는 기법이다.,45,concept
179,1,빅데이터 활용기법,다음 중 텍스트 데이터에서 긍정·부정 감정을 파악하여 의견과 평가를 분석하는 기법은?,유형 분석,소셜 네트워크 분석,회귀분석,감성분석,4,감성분석은 텍스트에서 긍정·부정 감정을 분석하는 기법이다.,45,concept
180,1,빅데이터 활용기법,보기 중에서 텍스트 데이터에서 긍정·부정 감정을 파악하여 의견과 평가를 분석하는 기법은?,소셜 네트워크 분석,유형 분석,감성분석,회귀분석,3,감성분석은 텍스트에서 긍정·부정 감정을 분석하는 기법이다.,45,concept
181,1,빅데이터 활용기법,소셜 네트워크 데이터를 분석하여 연결성과 영향력 있는 인물을 식별하는 기법은?,소셜 네트워크 분석(SNA),감성분석,연관규칙학습,유전 알고리즘,1,SNA(Social Network Analysis)는 사람 간의 관계와 영향력을 파악하는 기법이다.,46,concept
182,1,빅데이터 활용기법,소셜 네트워크 데이터를 분석하여 연결성과 영향력 있는 인물을 식별하는 기법은?,감성분석,연관규칙학습,유전 알고리즘,소셜 네트워크 분석(SNA),4,SNA(Social Network Analysis)는 사람 간의 관계와 영향력을 파악하는 기법이다.,46,concept
183,1,빅데이터 활용기법,다음 중 소셜 네트워크 데이터를 분석하여 연결성과 영향력 있는 인물을 식별하는 기법은?,연관규칙학습,유전 알고리즘,소셜 네트워크 분석(SNA),감성분석,3,SNA(Social Network Analysis)는 사람 간의 관계와 영향력을 파악하는 기법이다.,46,concept
184,1,빅데이터 활용기법,보기 중에서 소셜 네트워크 데이터를 분석하여 연결성과 영향력 있는 인물을 식별하는 기법은?,유전 알고리즘,연관규칙학습,감성분석,소셜 네트워크 분석(SNA),4,SNA(Social Network Analysis)는 사람 간의 관계와 영향력을 파악하는 기법이다.,46,concept
185,1,빅데이터 위기요인,빅데이터 위기 요인 중 '동의제에서 책임제로 전환'하는 것으로 통제 가능한 것은?,데이터 오용,책임 원칙 훼손,사생활 침해,알고리즘 편향,3,사생활 침해는 데이터 사용자에게 책임을 부여하는 방식(동의제→책임제)으로 통제한다.,47,concept
186,1,빅데이터 위기요인,빅데이터 위기 요인 중 '동의제에서 책임제로 전환'하는 것으로 통제 가능한 것은?,책임 원칙 훼손,사생활 침해,알고리즘 편향,데이터 오용,2,사생활 침해는 데이터 사용자에게 책임을 부여하는 방식(동의제→책임제)으로 통제한다.,47,concept
187,1,빅데이터 위기요인,다음 중 빅데이터 위기 요인 중 '동의제에서 책임제로 전환'하는 것으로 통제 가능한 것은?,사생활 침해,알고리즘 편향,데이터 오용,책임 원칙 훼손,1,사생활 침해는 데이터 사용자에게 책임을 부여하는 방식(동의제→책임제)으로 통제한다.,47,concept
188,1,빅데이터 위기요인,보기 중에서 빅데이터 위기 요인 중 '동의제에서 책임제로 전환'하는 것으로 통제 가능한 것은?,알고리즘 편향,사생활 침해,책임 원칙 훼손,데이터 오용,2,사생활 침해는 데이터 사용자에게 책임을 부여하는 방식(동의제→책임제)으로 통제한다.,47,concept
189,1,빅데이터 위기요인,예측 결과만으로 개인에게 불이익을 주어 발생하는 위기 요인과 그 통제 방안으로 옳은 것은?,데이터 오용 - 알고리즈미스트 도입,책임 원칙 훼손 - 결과 기반 책임 원칙 강화,사생활 침해 - 데이터 마스킹,책임 원칙 훼손 - 동의제 강화,2,책임 원칙 훼손은 예측만으로 단죄하는 것을 금지하고 결과 기반 책임 원칙을 강화해 통제한다.,48,concept
190,1,빅데이터 위기요인,예측 결과만으로 개인에게 불이익을 주어 발생하는 위기 요인과 그 통제 방안으로 옳은 것은?,책임 원칙 훼손 - 결과 기반 책임 원칙 강화,사생활 침해 - 데이터 마스킹,책임 원칙 훼손 - 동의제 강화,데이터 오용 - 알고리즈미스트 도입,1,책임 원칙 훼손은 예측만으로 단죄하는 것을 금지하고 결과 기반 책임 원칙을 강화해 통제한다.,48,concept
191,1,빅데이터 위기요인,다음 중 예측 결과만으로 개인에게 불이익을 주어 발생하는 위기 요인과 그 통제 방안으로 옳은 것은?,사생활 침해 - 데이터 마스킹,책임 원칙 훼손 - 동의제 강화,데이터 오용 - 알고리즈미스트 도입,책임 원칙 훼손 - 결과 기반 책임 원칙 강화,4,책임 원칙 훼손은 예측만으로 단죄하는 것을 금지하고 결과 기반 책임 원칙을 강화해 통제한다.,48,concept
192,1,빅데이터 위기요인,보기 중에서 예측 결과만으로 개인에게 불이익을 주어 발생하는 위기 요인과 그 통제 방안으로 옳은 것은?,책임 원칙 훼손 - 동의제 강화,사생활 침해 - 데이터 마스킹,책임 원칙 훼손 - 결과 기반 책임 원칙 강화,데이터 오용 - 알고리즈미스트 도입,3,책임 원칙 훼손은 예측만으로 단죄하는 것을 금지하고 결과 기반 책임 원칙을 강화해 통제한다.,48,concept
193,1,빅데이터 위기요인,빅데이터 예측이 항상 맞지 않을 수 있는 위험을 통제하기 위해 도입이 제안된 전문가 역할은?,데이터 사이언티스트,알고리즈미스트(Algorithmist),DBA,데이터 거버넌스 책임자,2,알고리즈미스트는 데이터 오용 문제에 대해 알고리즘 접근권과 객관적 인증을 담당하는 역할이다.,49,concept
194,1,빅데이터 위기요인,빅데이터 예측이 항상 맞지 않을 수 있는 위험을 통제하기 위해 도입이 제안된 전문가 역할은?,알고리즈미스트(Algorithmist),DBA,데이터 거버넌스 책임자,데이터 사이언티스트,1,알고리즈미스트는 데이터 오용 문제에 대해 알고리즘 접근권과 객관적 인증을 담당하는 역할이다.,49,concept
195,1,빅데이터 위기요인,다음 중 빅데이터 예측이 항상 맞지 않을 수 있는 위험을 통제하기 위해 도입이 제안된 전문가 역할은?,DBA,데이터 거버넌스 책임자,데이터 사이언티스트,알고리즈미스트(Algorithmist),4,알고리즈미스트는 데이터 오용 문제에 대해 알고리즘 접근권과 객관적 인증을 담당하는 역할이다.,49,concept
196,1,빅데이터 위기요인,보기 중에서 빅데이터 예측이 항상 맞지 않을 수 있는 위험을 통제하기 위해 도입이 제안된 전문가 역할은?,데이터 거버넌스 책임자,DBA,알고리즈미스트(Algorithmist),데이터 사이언티스트,3,알고리즈미스트는 데이터 오용 문제에 대해 알고리즘 접근권과 객관적 인증을 담당하는 역할이다.,49,concept
197,1,데이터3법,데이터 3법에 해당하지 않는 것은?,개인정보 보호법,정보통신망법,신용정보법,전자상거래법,4,"데이터 3법은 개인정보보호법, 정보통신망법, 신용정보법이다.",50,concept
198,1,데이터3법,데이터 3법에 해당하지 않는 것은?,정보통신망법,신용정보법,전자상거래법,개인정보 보호법,3,"데이터 3법은 개인정보보호법, 정보통신망법, 신용정보법이다.",50,concept
199,1,데이터3법,다음 중 데이터 3법에 해당하지 않는 것은?,신용정보법,전자상거래법,개인정보 보호법,정보통신망법,2,"데이터 3법은 개인정보보호법, 정보통신망법, 신용정보법이다.",50,concept
200,1,데이터3법,보기 중에서 데이터 3법에 해당하지 않는 것은?,전자상거래법,신용정보법,정보통신망법,개인정보 보호법,1,"데이터 3법은 개인정보보호법, 정보통신망법, 신용정보법이다.",50,concept
201,1,개인정보 비식별화,"'홍길동, 35세'를 '홍씨, 30대'처럼 범위 값으로 변환하는 비식별화 기법은?",가명처리,총계처리,범주화,마스킹,3,범주화는 데이터를 특정 범주(구간)의 값으로 변환하는 비식별화 기법이다.,51,concept
202,1,개인정보 비식별화,"'홍길동, 35세'를 '홍씨, 30대'처럼 범위 값으로 변환하는 비식별화 기법은?",총계처리,범주화,마스킹,가명처리,2,범주화는 데이터를 특정 범주(구간)의 값으로 변환하는 비식별화 기법이다.,51,concept
203,1,개인정보 비식별화,"다음 중 '홍길동, 35세'를 '홍씨, 30대'처럼 범위 값으로 변환하는 비식별화 기법은?",범주화,마스킹,가명처리,총계처리,1,범주화는 데이터를 특정 범주(구간)의 값으로 변환하는 비식별화 기법이다.,51,concept
204,1,개인정보 비식별화,"보기 중에서 '홍길동, 35세'를 '홍씨, 30대'처럼 범위 값으로 변환하는 비식별화 기법은?",마스킹,범주화,총계처리,가명처리,2,범주화는 데이터를 특정 범주(구간)의 값으로 변환하는 비식별화 기법이다.,51,concept
205,1,개인정보 비식별화,여러 사람의 키 데이터를 개별값 대신 '평균 키 175cm'처럼 총합·평균으로 표시하는 비식별화 기법은?,가명처리,총계처리,데이터 삭제,범주화,2,총계처리는 개별 데이터값을 총합이나 평균값으로 표시해 보이지 않도록 하는 기법이다.,52,concept
206,1,개인정보 비식별화,여러 사람의 키 데이터를 개별값 대신 '평균 키 175cm'처럼 총합·평균으로 표시하는 비식별화 기법은?,총계처리,데이터 삭제,범주화,가명처리,1,총계처리는 개별 데이터값을 총합이나 평균값으로 표시해 보이지 않도록 하는 기법이다.,52,concept
207,1,개인정보 비식별화,다음 중 여러 사람의 키 데이터를 개별값 대신 '평균 키 175cm'처럼 총합·평균으로 표시하는 비식별화 기법은?,데이터 삭제,범주화,가명처리,총계처리,4,총계처리는 개별 데이터값을 총합이나 평균값으로 표시해 보이지 않도록 하는 기법이다.,52,concept
208,1,개인정보 비식별화,보기 중에서 여러 사람의 키 데이터를 개별값 대신 '평균 키 175cm'처럼 총합·평균으로 표시하는 비식별화 기법은?,범주화,데이터 삭제,총계처리,가명처리,3,총계처리는 개별 데이터값을 총합이나 평균값으로 표시해 보이지 않도록 하는 기법이다.,52,concept
209,1,개인정보 비식별화,식별요소를 다른 값으로 대체하는 비식별화 기법(예: 홍길동→임꺽정)은?,가명처리,총계처리,마스킹,범주화,1,가명처리는 개인 식별요소를 다른 값으로 대체하는 기법이다.,53,concept
210,1,개인정보 비식별화,식별요소를 다른 값으로 대체하는 비식별화 기법(예: 홍길동→임꺽정)은?,총계처리,마스킹,범주화,가명처리,4,가명처리는 개인 식별요소를 다른 값으로 대체하는 기법이다.,53,concept
211,1,개인정보 비식별화,다음 중 식별요소를 다른 값으로 대체하는 비식별화 기법(예: 홍길동→임꺽정)은?,마스킹,범주화,가명처리,총계처리,3,가명처리는 개인 식별요소를 다른 값으로 대체하는 기법이다.,53,concept
212,1,개인정보 비식별화,보기 중에서 식별요소를 다른 값으로 대체하는 비식별화 기법(예: 홍길동→임꺽정)은?,범주화,마스킹,총계처리,가명처리,4,가명처리는 개인 식별요소를 다른 값으로 대체하는 기법이다.,53,concept
213,1,데이터 사이언스,"데이터에서 패턴과 관계를 탐색해 유용한 정보를 추출하는 기술·과정으로, 주로 분석에 초점을 두는 것은?",데이터 사이언스,데이터 마이닝,통계학,데이터 거버넌스,2,데이터 마이닝은 데이터에서 패턴·관계를 탐색해 정보를 추출하는 데 초점을 둔다.,54,concept
214,1,데이터 사이언스,"데이터에서 패턴과 관계를 탐색해 유용한 정보를 추출하는 기술·과정으로, 주로 분석에 초점을 두는 것은?",데이터 마이닝,통계학,데이터 거버넌스,데이터 사이언스,1,데이터 마이닝은 데이터에서 패턴·관계를 탐색해 정보를 추출하는 데 초점을 둔다.,54,concept
215,1,데이터 사이언스,"다음 중 데이터에서 패턴과 관계를 탐색해 유용한 정보를 추출하는 기술·과정으로, 주로 분석에 초점을 두는 것은?",통계학,데이터 거버넌스,데이터 사이언스,데이터 마이닝,4,데이터 마이닝은 데이터에서 패턴·관계를 탐색해 정보를 추출하는 데 초점을 둔다.,54,concept
216,1,데이터 사이언스,"보기 중에서 데이터에서 패턴과 관계를 탐색해 유용한 정보를 추출하는 기술·과정으로, 주로 분석에 초점을 두는 것은?",데이터 거버넌스,통계학,데이터 마이닝,데이터 사이언스,3,데이터 마이닝은 데이터에서 패턴·관계를 탐색해 정보를 추출하는 데 초점을 둔다.,54,concept
217,1,데이터 사이언스,"데이터를 수집, 저장, 관리, 처리하는 기술과 인프라를 의미하는 데이터 사이언스의 핵심 구성 요소는?",Analytics,비즈니스 분석,IT(Data Management),소프트 스킬,3,IT는 데이터를 수집·저장·관리·처리하는 기술과 인프라 영역이다.,55,concept
218,1,데이터 사이언스,"데이터를 수집, 저장, 관리, 처리하는 기술과 인프라를 의미하는 데이터 사이언스의 핵심 구성 요소는?",비즈니스 분석,IT(Data Management),소프트 스킬,Analytics,2,IT는 데이터를 수집·저장·관리·처리하는 기술과 인프라 영역이다.,55,concept
219,1,데이터 사이언스,"다음 중 데이터를 수집, 저장, 관리, 처리하는 기술과 인프라를 의미하는 데이터 사이언스의 핵심 구성 요소는?",IT(Data Management),소프트 스킬,Analytics,비즈니스 분석,1,IT는 데이터를 수집·저장·관리·처리하는 기술과 인프라 영역이다.,55,concept
220,1,데이터 사이언스,"보기 중에서 데이터를 수집, 저장, 관리, 처리하는 기술과 인프라를 의미하는 데이터 사이언스의 핵심 구성 요소는?",소프트 스킬,IT(Data Management),비즈니스 분석,Analytics,2,IT는 데이터를 수집·저장·관리·처리하는 기술과 인프라 영역이다.,55,concept
221,1,데이터 사이언티스트,가트너가 제시한 데이터 사이언티스트의 역량에 해당하지 않는 것은?,데이터 관리,분석 모델링,비즈니스 분석,재무 회계,4,"가트너가 제시한 역량은 데이터 관리, 분석 모델링, 비즈니스 분석, 소프트 기능이다.",56,concept
222,1,데이터 사이언티스트,가트너가 제시한 데이터 사이언티스트의 역량에 해당하지 않는 것은?,분석 모델링,비즈니스 분석,재무 회계,데이터 관리,3,"가트너가 제시한 역량은 데이터 관리, 분석 모델링, 비즈니스 분석, 소프트 기능이다.",56,concept
223,1,데이터 사이언티스트,다음 중 가트너가 제시한 데이터 사이언티스트의 역량에 해당하지 않는 것은?,비즈니스 분석,재무 회계,데이터 관리,분석 모델링,2,"가트너가 제시한 역량은 데이터 관리, 분석 모델링, 비즈니스 분석, 소프트 기능이다.",56,concept
224,1,데이터 사이언티스트,보기 중에서 가트너가 제시한 데이터 사이언티스트의 역량에 해당하지 않는 것은?,재무 회계,비즈니스 분석,분석 모델링,데이터 관리,1,"가트너가 제시한 역량은 데이터 관리, 분석 모델링, 비즈니스 분석, 소프트 기능이다.",56,concept
225,1,데이터 사이언티스트,데이터 사이언티스트의 소프트 스킬(Soft Skill)에 해당하는 것은?,빅데이터에 대한 이론적 지식,분석 기술 숙련,통찰력 있는 분석과 스토리텔링,최적화 설계 노하우,3,"소프트 스킬은 통찰력 있는 분석, 설득력 있는 전달(스토리텔링), 협력 능력을 포함한다.",57,concept
226,1,데이터 사이언티스트,데이터 사이언티스트의 소프트 스킬(Soft Skill)에 해당하는 것은?,분석 기술 숙련,통찰력 있는 분석과 스토리텔링,최적화 설계 노하우,빅데이터에 대한 이론적 지식,2,"소프트 스킬은 통찰력 있는 분석, 설득력 있는 전달(스토리텔링), 협력 능력을 포함한다.",57,concept
227,1,데이터 사이언티스트,다음 중 데이터 사이언티스트의 소프트 스킬(Soft Skill)에 해당하는 것은?,통찰력 있는 분석과 스토리텔링,최적화 설계 노하우,빅데이터에 대한 이론적 지식,분석 기술 숙련,1,"소프트 스킬은 통찰력 있는 분석, 설득력 있는 전달(스토리텔링), 협력 능력을 포함한다.",57,concept
228,1,데이터 사이언티스트,보기 중에서 데이터 사이언티스트의 소프트 스킬(Soft Skill)에 해당하는 것은?,최적화 설계 노하우,통찰력 있는 분석과 스토리텔링,분석 기술 숙련,빅데이터에 대한 이론적 지식,2,"소프트 스킬은 통찰력 있는 분석, 설득력 있는 전달(스토리텔링), 협력 능력을 포함한다.",57,concept
229,1,가치 패러다임,"빅데이터 가치 패러다임 변화(DCA)의 첫 단계로, 아날로그 정보를 디지털로 전환하는 과정은?",Connection,Digitalization,Agency,Datafication,2,디지털화(Digitalization)는 아날로그 정보를 디지털로 전환하는 첫 단계이다.,58,concept
230,1,가치 패러다임,"빅데이터 가치 패러다임 변화(DCA)의 첫 단계로, 아날로그 정보를 디지털로 전환하는 과정은?",Digitalization,Agency,Datafication,Connection,1,디지털화(Digitalization)는 아날로그 정보를 디지털로 전환하는 첫 단계이다.,58,concept
231,1,가치 패러다임,"다음 중 빅데이터 가치 패러다임 변화(DCA)의 첫 단계로, 아날로그 정보를 디지털로 전환하는 과정은?",Agency,Datafication,Connection,Digitalization,4,디지털화(Digitalization)는 아날로그 정보를 디지털로 전환하는 첫 단계이다.,58,concept
232,1,가치 패러다임,"보기 중에서 빅데이터 가치 패러다임 변화(DCA)의 첫 단계로, 아날로그 정보를 디지털로 전환하는 과정은?",Datafication,Agency,Digitalization,Connection,3,디지털화(Digitalization)는 아날로그 정보를 디지털로 전환하는 첫 단계이다.,58,concept
233,1,가치 패러다임,가치 패러다임 변화(DCA)에서 디지털화된 정보가 서로 연결되어 가치가 증폭되는 단계는?,디지털화,연결(Connection),에이전시(Agency),통합,2,연결(Connection) 단계는 디지털화된 정보와 대상이 연결되어 가치가 증폭되는 단계이다.,59,concept
234,1,가치 패러다임,가치 패러다임 변화(DCA)에서 디지털화된 정보가 서로 연결되어 가치가 증폭되는 단계는?,연결(Connection),에이전시(Agency),통합,디지털화,1,연결(Connection) 단계는 디지털화된 정보와 대상이 연결되어 가치가 증폭되는 단계이다.,59,concept
235,1,가치 패러다임,다음 중 가치 패러다임 변화(DCA)에서 디지털화된 정보가 서로 연결되어 가치가 증폭되는 단계는?,에이전시(Agency),통합,디지털화,연결(Connection),4,연결(Connection) 단계는 디지털화된 정보와 대상이 연결되어 가치가 증폭되는 단계이다.,59,concept
236,1,가치 패러다임,보기 중에서 가치 패러다임 변화(DCA)에서 디지털화된 정보가 서로 연결되어 가치가 증폭되는 단계는?,통합,에이전시(Agency),연결(Connection),디지털화,3,연결(Connection) 단계는 디지털화된 정보와 대상이 연결되어 가치가 증폭되는 단계이다.,59,concept
237,1,빅데이터 활용사례,구글이 검색 로그 데이터를 활용하여 개선한 대표적인 빅데이터 활용 사례는?,페이지랭크 알고리즘,추천 시스템,연관 규칙 분석,감성 분석,1,구글은 검색 로그 데이터를 활용해 페이지랭크 알고리즘을 개선했다.,60,concept
238,1,빅데이터 활용사례,구글이 검색 로그 데이터를 활용하여 개선한 대표적인 빅데이터 활용 사례는?,추천 시스템,연관 규칙 분석,감성 분석,페이지랭크 알고리즘,4,구글은 검색 로그 데이터를 활용해 페이지랭크 알고리즘을 개선했다.,60,concept
239,1,빅데이터 활용사례,다음 중 구글이 검색 로그 데이터를 활용하여 개선한 대표적인 빅데이터 활용 사례는?,연관 규칙 분석,감성 분석,페이지랭크 알고리즘,추천 시스템,3,구글은 검색 로그 데이터를 활용해 페이지랭크 알고리즘을 개선했다.,60,concept
240,1,빅데이터 활용사례,보기 중에서 구글이 검색 로그 데이터를 활용하여 개선한 대표적인 빅데이터 활용 사례는?,감성 분석,연관 규칙 분석,추천 시스템,페이지랭크 알고리즘,4,구글은 검색 로그 데이터를 활용해 페이지랭크 알고리즘을 개선했다.,60,concept
241,1,빅데이터 활용사례,월마트가 고객의 구매 패턴을 파악하기 위해 활용한 빅데이터 분석 기법은?,연관 규칙 분석,시계열 분석,군집 분석,회귀 분석,1,월마트는 연관 규칙 분석을 통해 고객의 구매 패턴(장바구니 분석)을 파악했다.,61,concept
242,1,빅데이터 활용사례,월마트가 고객의 구매 패턴을 파악하기 위해 활용한 빅데이터 분석 기법은?,시계열 분석,군집 분석,회귀 분석,연관 규칙 분석,4,월마트는 연관 규칙 분석을 통해 고객의 구매 패턴(장바구니 분석)을 파악했다.,61,concept
243,1,빅데이터 활용사례,다음 중 월마트가 고객의 구매 패턴을 파악하기 위해 활용한 빅데이터 분석 기법은?,군집 분석,회귀 분석,연관 규칙 분석,시계열 분석,3,월마트는 연관 규칙 분석을 통해 고객의 구매 패턴(장바구니 분석)을 파악했다.,61,concept
244,1,빅데이터 활용사례,보기 중에서 월마트가 고객의 구매 패턴을 파악하기 위해 활용한 빅데이터 분석 기법은?,회귀 분석,군집 분석,시계열 분석,연관 규칙 분석,4,월마트는 연관 규칙 분석을 통해 고객의 구매 패턴(장바구니 분석)을 파악했다.,61,concept
245,1,기타 DB솔루션,"기업 내 다양한 시스템(ERP, CRM, SCM 등)을 상호 연동해 통합 운영할 수 있도록 지원하는 솔루션은?",EAI(Enterprise Application Integration),EDW,KMS,RTE,1,EAI는 기업 내 다양한 애플리케이션을 통합 연동하는 솔루션이다.,62,concept
246,1,기타 DB솔루션,"기업 내 다양한 시스템(ERP, CRM, SCM 등)을 상호 연동해 통합 운영할 수 있도록 지원하는 솔루션은?",EDW,KMS,RTE,EAI(Enterprise Application Integration),4,EAI는 기업 내 다양한 애플리케이션을 통합 연동하는 솔루션이다.,62,concept
247,1,기타 DB솔루션,"다음 중 기업 내 다양한 시스템(ERP, CRM, SCM 등)을 상호 연동해 통합 운영할 수 있도록 지원하는 솔루션은?",KMS,RTE,EAI(Enterprise Application Integration),EDW,3,EAI는 기업 내 다양한 애플리케이션을 통합 연동하는 솔루션이다.,62,concept
248,1,기타 DB솔루션,"보기 중에서 기업 내 다양한 시스템(ERP, CRM, SCM 등)을 상호 연동해 통합 운영할 수 있도록 지원하는 솔루션은?",RTE,KMS,EDW,EAI(Enterprise Application Integration),4,EAI는 기업 내 다양한 애플리케이션을 통합 연동하는 솔루션이다.,62,concept
249,1,기타 DB솔루션,조직 내의 지식을 체계적으로 관리하는 시스템의 약자는?,KMS,EDW,RTE,BA,1,KMS(Knowledge Management System)는 조직 내 지식을 체계적으로 관리하는 시스템이다.,63,concept
250,1,기타 DB솔루션,조직 내의 지식을 체계적으로 관리하는 시스템의 약자는?,EDW,RTE,BA,KMS,4,KMS(Knowledge Management System)는 조직 내 지식을 체계적으로 관리하는 시스템이다.,63,concept
251,1,기타 DB솔루션,다음 중 조직 내의 지식을 체계적으로 관리하는 시스템의 약자는?,RTE,BA,KMS,EDW,3,KMS(Knowledge Management System)는 조직 내 지식을 체계적으로 관리하는 시스템이다.,63,concept
252,1,기타 DB솔루션,보기 중에서 조직 내의 지식을 체계적으로 관리하는 시스템의 약자는?,BA,RTE,EDW,KMS,4,KMS(Knowledge Management System)는 조직 내 지식을 체계적으로 관리하는 시스템이다.,63,concept
253,1,빅데이터 활용3요소,빅데이터의 성공적 활용에 필요한 3요소로 옳은 것은?,"데이터, 기술, 인력","데이터, 자본, 시간","기술, 조직, 예산","데이터, 법률, 인프라",1,"빅데이터 활용에 필요한 3요소는 데이터, 기술, 인력이다.",64,concept
254,1,빅데이터 활용3요소,빅데이터의 성공적 활용에 필요한 3요소로 옳은 것은?,"데이터, 자본, 시간","기술, 조직, 예산","데이터, 법률, 인프라","데이터, 기술, 인력",4,"빅데이터 활용에 필요한 3요소는 데이터, 기술, 인력이다.",64,concept
255,1,빅데이터 활용3요소,다음 중 빅데이터의 성공적 활용에 필요한 3요소로 옳은 것은?,"기술, 조직, 예산","데이터, 법률, 인프라","데이터, 기술, 인력","데이터, 자본, 시간",3,"빅데이터 활용에 필요한 3요소는 데이터, 기술, 인력이다.",64,concept
256,1,빅데이터 활용3요소,보기 중에서 빅데이터의 성공적 활용에 필요한 3요소로 옳은 것은?,"데이터, 법률, 인프라","기술, 조직, 예산","데이터, 자본, 시간","데이터, 기술, 인력",4,"빅데이터 활용에 필요한 3요소는 데이터, 기술, 인력이다.",64,concept
257,1,빅데이터 위기요인,빅데이터 활용 위기요인 중 '데이터 오용'에 대한 설명으로 옳은 것은?,개인정보가 n차 가공되어 공유되는 문제,과거 데이터만으로 미래를 예측하는 데 한계가 있는 문제,예측 결과만으로 개인을 단죄하는 문제,동의 절차가 지나치게 복잡한 문제,2,데이터 오용은 과거 데이터 기반 예측이 새로운 상황을 반영하지 못하는 한계에서 비롯된다.,65,concept
258,1,빅데이터 위기요인,빅데이터 활용 위기요인 중 '데이터 오용'에 대한 설명으로 옳은 것은?,과거 데이터만으로 미래를 예측하는 데 한계가 있는 문제,예측 결과만으로 개인을 단죄하는 문제,동의 절차가 지나치게 복잡한 문제,개인정보가 n차 가공되어 공유되는 문제,1,데이터 오용은 과거 데이터 기반 예측이 새로운 상황을 반영하지 못하는 한계에서 비롯된다.,65,concept
259,1,빅데이터 위기요인,다음 중 빅데이터 활용 위기요인 중 '데이터 오용'에 대한 설명으로 옳은 것은?,예측 결과만으로 개인을 단죄하는 문제,동의 절차가 지나치게 복잡한 문제,개인정보가 n차 가공되어 공유되는 문제,과거 데이터만으로 미래를 예측하는 데 한계가 있는 문제,4,데이터 오용은 과거 데이터 기반 예측이 새로운 상황을 반영하지 못하는 한계에서 비롯된다.,65,concept
260,1,빅데이터 위기요인,보기 중에서 빅데이터 활용 위기요인 중 '데이터 오용'에 대한 설명으로 옳은 것은?,동의 절차가 지나치게 복잡한 문제,예측 결과만으로 개인을 단죄하는 문제,과거 데이터만으로 미래를 예측하는 데 한계가 있는 문제,개인정보가 n차 가공되어 공유되는 문제,3,데이터 오용은 과거 데이터 기반 예측이 새로운 상황을 반영하지 못하는 한계에서 비롯된다.,65,concept
261,1,데이터 기본개념,'서울의 오늘 기온은 25도입니다'는 데이터의 어떤 특성에 해당하는가?,당위적 특성,존재적 특성,가공된 특성,예측적 특성,2,존재적 특성은 객관적 사실로서 단순히 존재하는 형태의 정보를 의미한다.,66,concept
262,1,데이터 기본개념,'서울의 오늘 기온은 25도입니다'는 데이터의 어떤 특성에 해당하는가?,존재적 특성,가공된 특성,예측적 특성,당위적 특성,1,존재적 특성은 객관적 사실로서 단순히 존재하는 형태의 정보를 의미한다.,66,concept
263,1,데이터 기본개념,다음 중 '서울의 오늘 기온은 25도입니다'는 데이터의 어떤 특성에 해당하는가?,가공된 특성,예측적 특성,당위적 특성,존재적 특성,4,존재적 특성은 객관적 사실로서 단순히 존재하는 형태의 정보를 의미한다.,66,concept
264,1,데이터 기본개념,보기 중에서 '서울의 오늘 기온은 25도입니다'는 데이터의 어떤 특성에 해당하는가?,예측적 특성,가공된 특성,존재적 특성,당위적 특성,3,존재적 특성은 객관적 사실로서 단순히 존재하는 형태의 정보를 의미한다.,66,concept
265,1,데이터베이스,관계형 데이터베이스(RDBMS)의 대표적인 제품에 해당하지 않는 것은?,Oracle Database,MySQL,MongoDB,PostgreSQL,3,"MongoDB는 NoSQL(비정형) 데이터베이스이며, 나머지는 관계형 데이터베이스이다.",67,concept
266,1,데이터베이스,관계형 데이터베이스(RDBMS)의 대표적인 제품에 해당하지 않는 것은?,MySQL,MongoDB,PostgreSQL,Oracle Database,2,"MongoDB는 NoSQL(비정형) 데이터베이스이며, 나머지는 관계형 데이터베이스이다.",67,concept
267,1,데이터베이스,다음 중 관계형 데이터베이스(RDBMS)의 대표적인 제품에 해당하지 않는 것은?,MongoDB,PostgreSQL,Oracle Database,MySQL,1,"MongoDB는 NoSQL(비정형) 데이터베이스이며, 나머지는 관계형 데이터베이스이다.",67,concept
268,1,데이터베이스,보기 중에서 관계형 데이터베이스(RDBMS)의 대표적인 제품에 해당하지 않는 것은?,PostgreSQL,MongoDB,MySQL,Oracle Database,2,"MongoDB는 NoSQL(비정형) 데이터베이스이며, 나머지는 관계형 데이터베이스이다.",67,concept
269,1,빅데이터 가치,빅데이터 열풍과 회의론에 대한 설명으로 옳은 것은?,데이터 크기가 클수록 무조건 통찰력이 높아진다.,빅데이터 분석의 목적은 통찰을 도출해 성과를 창출하는 것이며 크기 자체가 관건은 아니다.,빅데이터는 비용 문제만 해결하면 항상 성공한다.,성과가 높은 기업은 항상 전략적 통찰력이 뛰어나다.,2,빅데이터는 크기보다 의미 있는 통찰과 전략적 가치를 도출하는 것이 중요하다.,68,concept
270,1,빅데이터 가치,빅데이터 열풍과 회의론에 대한 설명으로 옳은 것은?,빅데이터 분석의 목적은 통찰을 도출해 성과를 창출하는 것이며 크기 자체가 관건은 아니다.,빅데이터는 비용 문제만 해결하면 항상 성공한다.,성과가 높은 기업은 항상 전략적 통찰력이 뛰어나다.,데이터 크기가 클수록 무조건 통찰력이 높아진다.,1,빅데이터는 크기보다 의미 있는 통찰과 전략적 가치를 도출하는 것이 중요하다.,68,concept
271,1,빅데이터 가치,다음 중 빅데이터 열풍과 회의론에 대한 설명으로 옳은 것은?,빅데이터는 비용 문제만 해결하면 항상 성공한다.,성과가 높은 기업은 항상 전략적 통찰력이 뛰어나다.,데이터 크기가 클수록 무조건 통찰력이 높아진다.,빅데이터 분석의 목적은 통찰을 도출해 성과를 창출하는 것이며 크기 자체가 관건은 아니다.,4,빅데이터는 크기보다 의미 있는 통찰과 전략적 가치를 도출하는 것이 중요하다.,68,concept
272,1,빅데이터 가치,보기 중에서 빅데이터 열풍과 회의론에 대한 설명으로 옳은 것은?,성과가 높은 기업은 항상 전략적 통찰력이 뛰어나다.,빅데이터는 비용 문제만 해결하면 항상 성공한다.,빅데이터 분석의 목적은 통찰을 도출해 성과를 창출하는 것이며 크기 자체가 관건은 아니다.,데이터 크기가 클수록 무조건 통찰력이 높아진다.,3,빅데이터는 크기보다 의미 있는 통찰과 전략적 가치를 도출하는 것이 중요하다.,68,concept
273,1,빅데이터 가치,특정 부서나 팀의 업무 개선을 목표로 좁은 범위와 내부 문제에 초점을 두는 분석은?,가치 기반 분석,일차적인 분석,전략적 분석,외부 참조 분석,2,일차적인 분석은 특정 부서·팀 업무 개선에 초점을 둔 좁은 범위의 분석이다.,69,concept
274,1,빅데이터 가치,특정 부서나 팀의 업무 개선을 목표로 좁은 범위와 내부 문제에 초점을 두는 분석은?,일차적인 분석,전략적 분석,외부 참조 분석,가치 기반 분석,1,일차적인 분석은 특정 부서·팀 업무 개선에 초점을 둔 좁은 범위의 분석이다.,69,concept
275,1,빅데이터 가치,다음 중 특정 부서나 팀의 업무 개선을 목표로 좁은 범위와 내부 문제에 초점을 두는 분석은?,전략적 분석,외부 참조 분석,가치 기반 분석,일차적인 분석,4,일차적인 분석은 특정 부서·팀 업무 개선에 초점을 둔 좁은 범위의 분석이다.,69,concept
276,1,빅데이터 가치,보기 중에서 특정 부서나 팀의 업무 개선을 목표로 좁은 범위와 내부 문제에 초점을 두는 분석은?,외부 참조 분석,전략적 분석,일차적인 분석,가치 기반 분석,3,일차적인 분석은 특정 부서·팀 업무 개선에 초점을 둔 좁은 범위의 분석이다.,69,concept
277,1,데이터 사이언스,"데이터를 수집, 분석, 해석, 표현하는 방법론을 연구하며 주로 정형화된 데이터와 실험 데이터를 다루는 학문은?",데이터 마이닝,통계학(Statistics),데이터 사이언스,데이터 거버넌스,2,통계학은 데이터의 수집·분석·해석·표현 방법론을 연구하며 정형화된 데이터를 주로 다룬다.,70,concept
278,1,데이터 사이언스,"데이터를 수집, 분석, 해석, 표현하는 방법론을 연구하며 주로 정형화된 데이터와 실험 데이터를 다루는 학문은?",통계학(Statistics),데이터 사이언스,데이터 거버넌스,데이터 마이닝,1,통계학은 데이터의 수집·분석·해석·표현 방법론을 연구하며 정형화된 데이터를 주로 다룬다.,70,concept
279,1,데이터 사이언스,"다음 중 데이터를 수집, 분석, 해석, 표현하는 방법론을 연구하며 주로 정형화된 데이터와 실험 데이터를 다루는 학문은?",데이터 사이언스,데이터 거버넌스,데이터 마이닝,통계학(Statistics),4,통계학은 데이터의 수집·분석·해석·표현 방법론을 연구하며 정형화된 데이터를 주로 다룬다.,70,concept
280,1,데이터 사이언스,"보기 중에서 데이터를 수집, 분석, 해석, 표현하는 방법론을 연구하며 주로 정형화된 데이터와 실험 데이터를 다루는 학문은?",데이터 거버넌스,데이터 사이언스,통계학(Statistics),데이터 마이닝,3,통계학은 데이터의 수집·분석·해석·표현 방법론을 연구하며 정형화된 데이터를 주로 다룬다.,70,concept
281,2,분석 주제유형,분석의 대상(what)과 방법(how)을 모두 알고 있을 때의 분석 주제 유형은?,솔루션(Solution),통찰(Insight),최적화(Optimization),발견(Discovery),3,대상과 방법을 모두 아는 경우는 최적화(Optimization) 유형이다.,71,concept
282,2,분석 주제유형,분석의 대상(what)과 방법(how)을 모두 알고 있을 때의 분석 주제 유형은?,통찰(Insight),최적화(Optimization),발견(Discovery),솔루션(Solution),2,대상과 방법을 모두 아는 경우는 최적화(Optimization) 유형이다.,71,concept
283,2,분석 주제유형,다음 중 분석의 대상(what)과 방법(how)을 모두 알고 있을 때의 분석 주제 유형은?,최적화(Optimization),발견(Discovery),솔루션(Solution),통찰(Insight),1,대상과 방법을 모두 아는 경우는 최적화(Optimization) 유형이다.,71,concept
284,2,분석 주제유형,보기 중에서 분석의 대상(what)과 방법(how)을 모두 알고 있을 때의 분석 주제 유형은?,발견(Discovery),최적화(Optimization),통찰(Insight),솔루션(Solution),2,대상과 방법을 모두 아는 경우는 최적화(Optimization) 유형이다.,71,concept
285,2,분석 주제유형,분석 방법은 알고 있으나 분석 대상이 불명확한 경우의 분석 주제 유형은?,최적화,통찰(Insight),솔루션,발견,2,방법은 알지만 대상을 모르는 경우는 통찰(Insight) 유형이다.,72,concept
286,2,분석 주제유형,분석 방법은 알고 있으나 분석 대상이 불명확한 경우의 분석 주제 유형은?,통찰(Insight),솔루션,발견,최적화,1,방법은 알지만 대상을 모르는 경우는 통찰(Insight) 유형이다.,72,concept
287,2,분석 주제유형,다음 중 분석 방법은 알고 있으나 분석 대상이 불명확한 경우의 분석 주제 유형은?,솔루션,발견,최적화,통찰(Insight),4,방법은 알지만 대상을 모르는 경우는 통찰(Insight) 유형이다.,72,concept
288,2,분석 주제유형,보기 중에서 분석 방법은 알고 있으나 분석 대상이 불명확한 경우의 분석 주제 유형은?,발견,솔루션,통찰(Insight),최적화,3,방법은 알지만 대상을 모르는 경우는 통찰(Insight) 유형이다.,72,concept
289,2,분석 주제유형,"분석 대상은 알지만 분석 방법을 모르는 경우, 방법을 찾아 문제를 해결하는 분석 주제 유형은?",솔루션(Solution),최적화,발견,통찰,1,대상은 알지만 방법을 모르는 경우는 솔루션(Solution) 유형이다.,73,concept
290,2,분석 주제유형,"분석 대상은 알지만 분석 방법을 모르는 경우, 방법을 찾아 문제를 해결하는 분석 주제 유형은?",최적화,발견,통찰,솔루션(Solution),4,대상은 알지만 방법을 모르는 경우는 솔루션(Solution) 유형이다.,73,concept
291,2,분석 주제유형,"다음 중 분석 대상은 알지만 분석 방법을 모르는 경우, 방법을 찾아 문제를 해결하는 분석 주제 유형은?",발견,통찰,솔루션(Solution),최적화,3,대상은 알지만 방법을 모르는 경우는 솔루션(Solution) 유형이다.,73,concept
292,2,분석 주제유형,"보기 중에서 분석 대상은 알지만 분석 방법을 모르는 경우, 방법을 찾아 문제를 해결하는 분석 주제 유형은?",통찰,발견,최적화,솔루션(Solution),4,대상은 알지만 방법을 모르는 경우는 솔루션(Solution) 유형이다.,73,concept
293,2,분석 주제유형,분석 대상과 방법을 모두 모르는 상황에서 새로운 데이터와 관계를 탐구하는 분석 주제 유형은?,발견(Discovery),최적화,솔루션,통찰,1,대상과 방법을 모두 모르는 경우는 발견(Discovery) 유형이다.,74,concept
294,2,분석 주제유형,분석 대상과 방법을 모두 모르는 상황에서 새로운 데이터와 관계를 탐구하는 분석 주제 유형은?,최적화,솔루션,통찰,발견(Discovery),4,대상과 방법을 모두 모르는 경우는 발견(Discovery) 유형이다.,74,concept
295,2,분석 주제유형,다음 중 분석 대상과 방법을 모두 모르는 상황에서 새로운 데이터와 관계를 탐구하는 분석 주제 유형은?,솔루션,통찰,발견(Discovery),최적화,3,대상과 방법을 모두 모르는 경우는 발견(Discovery) 유형이다.,74,concept
296,2,분석 주제유형,보기 중에서 분석 대상과 방법을 모두 모르는 상황에서 새로운 데이터와 관계를 탐구하는 분석 주제 유형은?,통찰,솔루션,최적화,발견(Discovery),4,대상과 방법을 모두 모르는 경우는 발견(Discovery) 유형이다.,74,concept
297,2,분석 기획방안,"당면한 분석 주제를 빠르게 해결하는 것이 목표이며, Speed & Test를 핵심가치로 하는 분석 기획 방안은?",마스터플랜 방식,과제 중심적 접근 방식,장기적 전개 방식,프로토타입 방식,2,과제 중심적 접근 방식은 Speed & Test를 핵심가치로 Quick-Win을 지향한다.,75,concept
298,2,분석 기획방안,"당면한 분석 주제를 빠르게 해결하는 것이 목표이며, Speed & Test를 핵심가치로 하는 분석 기획 방안은?",과제 중심적 접근 방식,장기적 전개 방식,프로토타입 방식,마스터플랜 방식,1,과제 중심적 접근 방식은 Speed & Test를 핵심가치로 Quick-Win을 지향한다.,75,concept
299,2,분석 기획방안,"다음 중 당면한 분석 주제를 빠르게 해결하는 것이 목표이며, Speed & Test를 핵심가치로 하는 분석 기획 방안은?",장기적 전개 방식,프로토타입 방식,마스터플랜 방식,과제 중심적 접근 방식,4,과제 중심적 접근 방식은 Speed & Test를 핵심가치로 Quick-Win을 지향한다.,75,concept
300,2,분석 기획방안,"보기 중에서 당면한 분석 주제를 빠르게 해결하는 것이 목표이며, Speed & Test를 핵심가치로 하는 분석 기획 방안은?",프로토타입 방식,장기적 전개 방식,과제 중심적 접근 방식,마스터플랜 방식,3,과제 중심적 접근 방식은 Speed & Test를 핵심가치로 Quick-Win을 지향한다.,75,concept
301,2,분석 기획방안,"지속적이고 체계적인 분석 문화 내재화를 목표로 하며, Accuracy & Deploy를 핵심가치로 하는 분석 기획 방안은?",과제 중심적 접근 방식,마스터플랜 방식,프로토타입 방식,폭포수 방식,2,마스터플랜 방식은 Accuracy & Deploy를 핵심가치로 장기적 관점(Long-Term View)을 지향한다.,76,concept
302,2,분석 기획방안,"지속적이고 체계적인 분석 문화 내재화를 목표로 하며, Accuracy & Deploy를 핵심가치로 하는 분석 기획 방안은?",마스터플랜 방식,프로토타입 방식,폭포수 방식,과제 중심적 접근 방식,1,마스터플랜 방식은 Accuracy & Deploy를 핵심가치로 장기적 관점(Long-Term View)을 지향한다.,76,concept
303,2,분석 기획방안,"다음 중 지속적이고 체계적인 분석 문화 내재화를 목표로 하며, Accuracy & Deploy를 핵심가치로 하는 분석 기획 방안은?",프로토타입 방식,폭포수 방식,과제 중심적 접근 방식,마스터플랜 방식,4,마스터플랜 방식은 Accuracy & Deploy를 핵심가치로 장기적 관점(Long-Term View)을 지향한다.,76,concept
304,2,분석 기획방안,"보기 중에서 지속적이고 체계적인 분석 문화 내재화를 목표로 하며, Accuracy & Deploy를 핵심가치로 하는 분석 기획 방안은?",폭포수 방식,프로토타입 방식,마스터플랜 방식,과제 중심적 접근 방식,3,마스터플랜 방식은 Accuracy & Deploy를 핵심가치로 장기적 관점(Long-Term View)을 지향한다.,76,concept
305,2,분석 기획 고려사항,분석 기획 시 고려해야 할 사항이 아닌 것은?,가용한 데이터,적절한 유스케이스 탐색,장애요소 사전 계획,경쟁사의 인사 정책,4,"분석 기획 고려사항은 가용 데이터, 유스케이스, 장애요소이며 인사 정책과는 무관하다.",77,concept
306,2,분석 기획 고려사항,분석 기획 시 고려해야 할 사항이 아닌 것은?,적절한 유스케이스 탐색,장애요소 사전 계획,경쟁사의 인사 정책,가용한 데이터,3,"분석 기획 고려사항은 가용 데이터, 유스케이스, 장애요소이며 인사 정책과는 무관하다.",77,concept
307,2,분석 기획 고려사항,다음 중 분석 기획 시 고려해야 할 사항이 아닌 것은?,장애요소 사전 계획,경쟁사의 인사 정책,가용한 데이터,적절한 유스케이스 탐색,2,"분석 기획 고려사항은 가용 데이터, 유스케이스, 장애요소이며 인사 정책과는 무관하다.",77,concept
308,2,분석 기획 고려사항,보기 중에서 분석 기획 시 고려해야 할 사항이 아닌 것은?,경쟁사의 인사 정책,장애요소 사전 계획,적절한 유스케이스 탐색,가용한 데이터,1,"분석 기획 고려사항은 가용 데이터, 유스케이스, 장애요소이며 인사 정책과는 무관하다.",77,concept
309,2,데이터 저장방식,데이터를 테이블 형식으로 저장하고 테이블 간 관계를 정의하며 SQL로 관리하는 데이터 저장 방식은?,NoSQL,RDB(Relational Database),데이터 레이크,하둡,2,RDB는 테이블 형식으로 데이터를 저장하고 SQL로 관리하는 관계형 데이터베이스이다.,78,concept
310,2,데이터 저장방식,데이터를 테이블 형식으로 저장하고 테이블 간 관계를 정의하며 SQL로 관리하는 데이터 저장 방식은?,RDB(Relational Database),데이터 레이크,하둡,NoSQL,1,RDB는 테이블 형식으로 데이터를 저장하고 SQL로 관리하는 관계형 데이터베이스이다.,78,concept
311,2,데이터 저장방식,다음 중 데이터를 테이블 형식으로 저장하고 테이블 간 관계를 정의하며 SQL로 관리하는 데이터 저장 방식은?,데이터 레이크,하둡,NoSQL,RDB(Relational Database),4,RDB는 테이블 형식으로 데이터를 저장하고 SQL로 관리하는 관계형 데이터베이스이다.,78,concept
312,2,데이터 저장방식,보기 중에서 데이터를 테이블 형식으로 저장하고 테이블 간 관계를 정의하며 SQL로 관리하는 데이터 저장 방식은?,하둡,데이터 레이크,RDB(Relational Database),NoSQL,3,RDB는 테이블 형식으로 데이터를 저장하고 SQL로 관리하는 관계형 데이터베이스이다.,78,concept
313,2,데이터 저장방식,비정형·반정형 데이터 저장에 적합하며 여러 대의 서버를 추가하는 수평적 확장이 특징인 저장 방식은?,RDB,NoSQL,OLTP,데이터 웨어하우스,2,NoSQL은 비정형 데이터에 적합하며 수평적 확장(서버 추가)이 특징이다.,79,concept
314,2,데이터 저장방식,비정형·반정형 데이터 저장에 적합하며 여러 대의 서버를 추가하는 수평적 확장이 특징인 저장 방식은?,NoSQL,OLTP,데이터 웨어하우스,RDB,1,NoSQL은 비정형 데이터에 적합하며 수평적 확장(서버 추가)이 특징이다.,79,concept
315,2,데이터 저장방식,다음 중 비정형·반정형 데이터 저장에 적합하며 여러 대의 서버를 추가하는 수평적 확장이 특징인 저장 방식은?,OLTP,데이터 웨어하우스,RDB,NoSQL,4,NoSQL은 비정형 데이터에 적합하며 수평적 확장(서버 추가)이 특징이다.,79,concept
316,2,데이터 저장방식,보기 중에서 비정형·반정형 데이터 저장에 적합하며 여러 대의 서버를 추가하는 수평적 확장이 특징인 저장 방식은?,데이터 웨어하우스,OLTP,NoSQL,RDB,3,NoSQL은 비정형 데이터에 적합하며 수평적 확장(서버 추가)이 특징이다.,79,concept
317,2,의사결정 장애요소,특정 사물이나 상황에 대한 고정된 신념으로 새로운 정보를 왜곡·거부하게 만드는 의사결정 장애 요소는?,편향된 생각(Bias),고정관념(Stereotype),프레이밍 효과,확증 편향,2,고정관념은 고정된 신념·이미지로 새로운 정보를 왜곡·거부하는 장애 요소이다.,80,concept
318,2,의사결정 장애요소,특정 사물이나 상황에 대한 고정된 신념으로 새로운 정보를 왜곡·거부하게 만드는 의사결정 장애 요소는?,고정관념(Stereotype),프레이밍 효과,확증 편향,편향된 생각(Bias),1,고정관념은 고정된 신념·이미지로 새로운 정보를 왜곡·거부하는 장애 요소이다.,80,concept
319,2,의사결정 장애요소,다음 중 특정 사물이나 상황에 대한 고정된 신념으로 새로운 정보를 왜곡·거부하게 만드는 의사결정 장애 요소는?,프레이밍 효과,확증 편향,편향된 생각(Bias),고정관념(Stereotype),4,고정관념은 고정된 신념·이미지로 새로운 정보를 왜곡·거부하는 장애 요소이다.,80,concept
320,2,의사결정 장애요소,보기 중에서 특정 사물이나 상황에 대한 고정된 신념으로 새로운 정보를 왜곡·거부하게 만드는 의사결정 장애 요소는?,확증 편향,프레이밍 효과,고정관념(Stereotype),편향된 생각(Bias),3,고정관념은 고정된 신념·이미지로 새로운 정보를 왜곡·거부하는 장애 요소이다.,80,concept
321,2,의사결정 장애요소,문제의 표현 방식에 따라 동일한 사건에 대한 판단이나 선택이 달라지는 현상은?,고정관념,편향된 생각,프레이밍 효과(Framing Effect),생존자 편향,3,프레이밍 효과는 표현 방식에 따라 판단·선택이 달라지는 현상이다.,81,concept
322,2,의사결정 장애요소,문제의 표현 방식에 따라 동일한 사건에 대한 판단이나 선택이 달라지는 현상은?,편향된 생각,프레이밍 효과(Framing Effect),생존자 편향,고정관념,2,프레이밍 효과는 표현 방식에 따라 판단·선택이 달라지는 현상이다.,81,concept
323,2,의사결정 장애요소,다음 중 문제의 표현 방식에 따라 동일한 사건에 대한 판단이나 선택이 달라지는 현상은?,프레이밍 효과(Framing Effect),생존자 편향,고정관념,편향된 생각,1,프레이밍 효과는 표현 방식에 따라 판단·선택이 달라지는 현상이다.,81,concept
324,2,의사결정 장애요소,보기 중에서 문제의 표현 방식에 따라 동일한 사건에 대한 판단이나 선택이 달라지는 현상은?,생존자 편향,프레이밍 효과(Framing Effect),편향된 생각,고정관념,2,프레이밍 효과는 표현 방식에 따라 판단·선택이 달라지는 현상이다.,81,concept
325,2,분석 방법론,분석 방법론의 구성 요소에 해당하지 않는 것은?,절차(Procedure),방법(Methods),도구와 기법,예산 승인 규정,4,"분석 방법론은 절차, 방법, 도구와 기법, 템플릿과 산출물로 구성된다.",82,concept
326,2,분석 방법론,분석 방법론의 구성 요소에 해당하지 않는 것은?,방법(Methods),도구와 기법,예산 승인 규정,절차(Procedure),3,"분석 방법론은 절차, 방법, 도구와 기법, 템플릿과 산출물로 구성된다.",82,concept
327,2,분석 방법론,다음 중 분석 방법론의 구성 요소에 해당하지 않는 것은?,도구와 기법,예산 승인 규정,절차(Procedure),방법(Methods),2,"분석 방법론은 절차, 방법, 도구와 기법, 템플릿과 산출물로 구성된다.",82,concept
328,2,분석 방법론,보기 중에서 분석 방법론의 구성 요소에 해당하지 않는 것은?,예산 승인 규정,도구와 기법,방법(Methods),절차(Procedure),1,"분석 방법론은 절차, 방법, 도구와 기법, 템플릿과 산출물로 구성된다.",82,concept
329,2,개발방법론 비교,"각 단계가 완료·승인된 후 다음 단계로 진행하며, 변경사항 적용이 어려운 개발 모델은?",나선형 모델,폭포수 모델(Waterfall),프로토타입 모델,애자일 모델,2,폭포수 모델은 단계별 순차 진행으로 체계적이지만 변경 적용이 어렵다.,83,concept
330,2,개발방법론 비교,"각 단계가 완료·승인된 후 다음 단계로 진행하며, 변경사항 적용이 어려운 개발 모델은?",폭포수 모델(Waterfall),프로토타입 모델,애자일 모델,나선형 모델,1,폭포수 모델은 단계별 순차 진행으로 체계적이지만 변경 적용이 어렵다.,83,concept
331,2,개발방법론 비교,"다음 중 각 단계가 완료·승인된 후 다음 단계로 진행하며, 변경사항 적용이 어려운 개발 모델은?",프로토타입 모델,애자일 모델,나선형 모델,폭포수 모델(Waterfall),4,폭포수 모델은 단계별 순차 진행으로 체계적이지만 변경 적용이 어렵다.,83,concept
332,2,개발방법론 비교,"보기 중에서 각 단계가 완료·승인된 후 다음 단계로 진행하며, 변경사항 적용이 어려운 개발 모델은?",애자일 모델,프로토타입 모델,폭포수 모델(Waterfall),나선형 모델,3,폭포수 모델은 단계별 순차 진행으로 체계적이지만 변경 적용이 어렵다.,83,concept
333,2,개발방법론 비교,"위험 관리가 용이하며 반복을 통해 점진적으로 품질을 향상시키는, 계획-위험분석-개발및검증-고객평가를 반복하는 모델은?",폭포수 모델,나선형 모델(Spiral),프로토타입 모델,V모델,2,나선형 모델은 계획수립→위험분석→개발및검증→고객평가를 반복하며 점진적으로 완성한다.,84,concept
334,2,개발방법론 비교,"위험 관리가 용이하며 반복을 통해 점진적으로 품질을 향상시키는, 계획-위험분석-개발및검증-고객평가를 반복하는 모델은?",나선형 모델(Spiral),프로토타입 모델,V모델,폭포수 모델,1,나선형 모델은 계획수립→위험분석→개발및검증→고객평가를 반복하며 점진적으로 완성한다.,84,concept
335,2,개발방법론 비교,"다음 중 위험 관리가 용이하며 반복을 통해 점진적으로 품질을 향상시키는, 계획-위험분석-개발및검증-고객평가를 반복하는 모델은?",프로토타입 모델,V모델,폭포수 모델,나선형 모델(Spiral),4,나선형 모델은 계획수립→위험분석→개발및검증→고객평가를 반복하며 점진적으로 완성한다.,84,concept
336,2,개발방법론 비교,"보기 중에서 위험 관리가 용이하며 반복을 통해 점진적으로 품질을 향상시키는, 계획-위험분석-개발및검증-고객평가를 반복하는 모델은?",V모델,프로토타입 모델,나선형 모델(Spiral),폭포수 모델,3,나선형 모델은 계획수립→위험분석→개발및검증→고객평가를 반복하며 점진적으로 완성한다.,84,concept
337,2,개발방법론 비교,초기 시제품을 개발해 사용자 피드백을 받고 반복적으로 개선하는 개발 모델은?,폭포수 모델,나선형 모델,프로토타입 모델(Prototype),계층적 프로세스 모델,3,프로토타입 모델은 시제품을 만들어 피드백을 받고 반복 개선하는 방식이다.,85,concept
338,2,개발방법론 비교,초기 시제품을 개발해 사용자 피드백을 받고 반복적으로 개선하는 개발 모델은?,나선형 모델,프로토타입 모델(Prototype),계층적 프로세스 모델,폭포수 모델,2,프로토타입 모델은 시제품을 만들어 피드백을 받고 반복 개선하는 방식이다.,85,concept
339,2,개발방법론 비교,다음 중 초기 시제품을 개발해 사용자 피드백을 받고 반복적으로 개선하는 개발 모델은?,프로토타입 모델(Prototype),계층적 프로세스 모델,폭포수 모델,나선형 모델,1,프로토타입 모델은 시제품을 만들어 피드백을 받고 반복 개선하는 방식이다.,85,concept
340,2,개발방법론 비교,보기 중에서 초기 시제품을 개발해 사용자 피드백을 받고 반복적으로 개선하는 개발 모델은?,계층적 프로세스 모델,프로토타입 모델(Prototype),나선형 모델,폭포수 모델,2,프로토타입 모델은 시제품을 만들어 피드백을 받고 반복 개선하는 방식이다.,85,concept
341,2,KDD,KDD 분석 절차의 순서로 옳은 것은?,데이터 선택 → 전처리 → 변환 → 데이터 마이닝 → 결과 평가,데이터 전처리 → 선택 → 마이닝 → 변환 → 평가,데이터 마이닝 → 선택 → 전처리 → 변환 → 평가,데이터 선택 → 마이닝 → 전처리 → 변환 → 평가,1,KDD는 데이터 선택-전처리-변환-데이터마이닝-결과평가 순으로 진행된다.,86,concept
342,2,KDD,KDD 분석 절차의 순서로 옳은 것은?,데이터 전처리 → 선택 → 마이닝 → 변환 → 평가,데이터 마이닝 → 선택 → 전처리 → 변환 → 평가,데이터 선택 → 마이닝 → 전처리 → 변환 → 평가,데이터 선택 → 전처리 → 변환 → 데이터 마이닝 → 결과 평가,4,KDD는 데이터 선택-전처리-변환-데이터마이닝-결과평가 순으로 진행된다.,86,concept
343,2,KDD,다음 중 KDD 분석 절차의 순서로 옳은 것은?,데이터 마이닝 → 선택 → 전처리 → 변환 → 평가,데이터 선택 → 마이닝 → 전처리 → 변환 → 평가,데이터 선택 → 전처리 → 변환 → 데이터 마이닝 → 결과 평가,데이터 전처리 → 선택 → 마이닝 → 변환 → 평가,3,KDD는 데이터 선택-전처리-변환-데이터마이닝-결과평가 순으로 진행된다.,86,concept
344,2,KDD,보기 중에서 KDD 분석 절차의 순서로 옳은 것은?,데이터 선택 → 마이닝 → 전처리 → 변환 → 평가,데이터 마이닝 → 선택 → 전처리 → 변환 → 평가,데이터 전처리 → 선택 → 마이닝 → 변환 → 평가,데이터 선택 → 전처리 → 변환 → 데이터 마이닝 → 결과 평가,4,KDD는 데이터 선택-전처리-변환-데이터마이닝-결과평가 순으로 진행된다.,86,concept
345,2,KDD,"KDD 절차 중 분석 목적에 맞는 데이터 선별과 변수 선택, 차원 축소를 수행하는 단계는?",데이터 선택,데이터 전처리,데이터 변환(Transformation),데이터 마이닝,3,데이터 변환 단계에서 변수 선택과 차원 축소 등을 수행한다.,87,concept
346,2,KDD,"KDD 절차 중 분석 목적에 맞는 데이터 선별과 변수 선택, 차원 축소를 수행하는 단계는?",데이터 전처리,데이터 변환(Transformation),데이터 마이닝,데이터 선택,2,데이터 변환 단계에서 변수 선택과 차원 축소 등을 수행한다.,87,concept
347,2,KDD,"다음 중 KDD 절차 중 분석 목적에 맞는 데이터 선별과 변수 선택, 차원 축소를 수행하는 단계는?",데이터 변환(Transformation),데이터 마이닝,데이터 선택,데이터 전처리,1,데이터 변환 단계에서 변수 선택과 차원 축소 등을 수행한다.,87,concept
348,2,KDD,"보기 중에서 KDD 절차 중 분석 목적에 맞는 데이터 선별과 변수 선택, 차원 축소를 수행하는 단계는?",데이터 마이닝,데이터 변환(Transformation),데이터 전처리,데이터 선택,2,데이터 변환 단계에서 변수 선택과 차원 축소 등을 수행한다.,87,concept
349,2,KDD,KDD 절차 중 노이즈·이상값·결측치를 확인하고 필요시 제거(정제)하는 단계는?,데이터 선택,데이터 전처리(Preprocessing),데이터 변환,결과 평가,2,"데이터 전처리 단계에서 노이즈, 이상값, 결측치를 확인하고 정제한다.",88,concept
350,2,KDD,KDD 절차 중 노이즈·이상값·결측치를 확인하고 필요시 제거(정제)하는 단계는?,데이터 전처리(Preprocessing),데이터 변환,결과 평가,데이터 선택,1,"데이터 전처리 단계에서 노이즈, 이상값, 결측치를 확인하고 정제한다.",88,concept
351,2,KDD,다음 중 KDD 절차 중 노이즈·이상값·결측치를 확인하고 필요시 제거(정제)하는 단계는?,데이터 변환,결과 평가,데이터 선택,데이터 전처리(Preprocessing),4,"데이터 전처리 단계에서 노이즈, 이상값, 결측치를 확인하고 정제한다.",88,concept
352,2,KDD,보기 중에서 KDD 절차 중 노이즈·이상값·결측치를 확인하고 필요시 제거(정제)하는 단계는?,결과 평가,데이터 변환,데이터 전처리(Preprocessing),데이터 선택,3,"데이터 전처리 단계에서 노이즈, 이상값, 결측치를 확인하고 정제한다.",88,concept
353,2,CRISP-DM,CRISP-DM 분석 방법론의 6단계 순서로 옳은 것은?,업무 이해 → 데이터 이해 → 데이터 준비 → 모델링 → 평가 → 전개,데이터 이해 → 업무 이해 → 모델링 → 데이터 준비 → 평가 → 전개,업무 이해 → 데이터 준비 → 데이터 이해 → 평가 → 모델링 → 전개,데이터 준비 → 업무 이해 → 데이터 이해 → 모델링 → 전개 → 평가,1,CRISP-DM은 업무이해-데이터이해-데이터준비-모델링-평가-전개 6단계로 구성된다.,89,concept
354,2,CRISP-DM,CRISP-DM 분석 방법론의 6단계 순서로 옳은 것은?,데이터 이해 → 업무 이해 → 모델링 → 데이터 준비 → 평가 → 전개,업무 이해 → 데이터 준비 → 데이터 이해 → 평가 → 모델링 → 전개,데이터 준비 → 업무 이해 → 데이터 이해 → 모델링 → 전개 → 평가,업무 이해 → 데이터 이해 → 데이터 준비 → 모델링 → 평가 → 전개,4,CRISP-DM은 업무이해-데이터이해-데이터준비-모델링-평가-전개 6단계로 구성된다.,89,concept
355,2,CRISP-DM,다음 중 CRISP-DM 분석 방법론의 6단계 순서로 옳은 것은?,업무 이해 → 데이터 준비 → 데이터 이해 → 평가 → 모델링 → 전개,데이터 준비 → 업무 이해 → 데이터 이해 → 모델링 → 전개 → 평가,업무 이해 → 데이터 이해 → 데이터 준비 → 모델링 → 평가 → 전개,데이터 이해 → 업무 이해 → 모델링 → 데이터 준비 → 평가 → 전개,3,CRISP-DM은 업무이해-데이터이해-데이터준비-모델링-평가-전개 6단계로 구성된다.,89,concept
356,2,CRISP-DM,보기 중에서 CRISP-DM 분석 방법론의 6단계 순서로 옳은 것은?,데이터 준비 → 업무 이해 → 데이터 이해 → 모델링 → 전개 → 평가,업무 이해 → 데이터 준비 → 데이터 이해 → 평가 → 모델링 → 전개,데이터 이해 → 업무 이해 → 모델링 → 데이터 준비 → 평가 → 전개,업무 이해 → 데이터 이해 → 데이터 준비 → 모델링 → 평가 → 전개,4,CRISP-DM은 업무이해-데이터이해-데이터준비-모델링-평가-전개 6단계로 구성된다.,89,concept
357,2,CRISP-DM,CRISP-DM에서 프로젝트의 비즈니스 목표를 정의하고 데이터 마이닝 목표를 설정하는 첫 단계는?,데이터 이해,업무 이해(Business Understanding),데이터 준비,모델링,2,업무 이해 단계에서 비즈니스 목표와 데이터 마이닝 목표를 설정한다.,90,concept
358,2,CRISP-DM,CRISP-DM에서 프로젝트의 비즈니스 목표를 정의하고 데이터 마이닝 목표를 설정하는 첫 단계는?,업무 이해(Business Understanding),데이터 준비,모델링,데이터 이해,1,업무 이해 단계에서 비즈니스 목표와 데이터 마이닝 목표를 설정한다.,90,concept
359,2,CRISP-DM,다음 중 CRISP-DM에서 프로젝트의 비즈니스 목표를 정의하고 데이터 마이닝 목표를 설정하는 첫 단계는?,데이터 준비,모델링,데이터 이해,업무 이해(Business Understanding),4,업무 이해 단계에서 비즈니스 목표와 데이터 마이닝 목표를 설정한다.,90,concept
360,2,CRISP-DM,보기 중에서 CRISP-DM에서 프로젝트의 비즈니스 목표를 정의하고 데이터 마이닝 목표를 설정하는 첫 단계는?,모델링,데이터 준비,업무 이해(Business Understanding),데이터 이해,3,업무 이해 단계에서 비즈니스 목표와 데이터 마이닝 목표를 설정한다.,90,concept
361,2,CRISP-DM,CRISP-DM에서 완성된 모델을 실제 업무에 적용하고 모니터링·유지보수 계획을 수립하는 마지막 단계는?,평가,모델링,전개(Deployment),데이터 준비,3,전개 단계에서 모델을 실제 운영 환경에 적용하고 모니터링 계획을 수립한다.,91,concept
362,2,CRISP-DM,CRISP-DM에서 완성된 모델을 실제 업무에 적용하고 모니터링·유지보수 계획을 수립하는 마지막 단계는?,모델링,전개(Deployment),데이터 준비,평가,2,전개 단계에서 모델을 실제 운영 환경에 적용하고 모니터링 계획을 수립한다.,91,concept
363,2,CRISP-DM,다음 중 CRISP-DM에서 완성된 모델을 실제 업무에 적용하고 모니터링·유지보수 계획을 수립하는 마지막 단계는?,전개(Deployment),데이터 준비,평가,모델링,1,전개 단계에서 모델을 실제 운영 환경에 적용하고 모니터링 계획을 수립한다.,91,concept
364,2,CRISP-DM,보기 중에서 CRISP-DM에서 완성된 모델을 실제 업무에 적용하고 모니터링·유지보수 계획을 수립하는 마지막 단계는?,데이터 준비,전개(Deployment),모델링,평가,2,전개 단계에서 모델을 실제 운영 환경에 적용하고 모니터링 계획을 수립한다.,91,concept
365,2,빅데이터분석방법론,빅데이터 분석 방법론의 계층적 프로세스 모델을 구성하는 3계층으로 옳은 것은?,단계-태스크-스텝,기획-준비-분석,계획-실행-평가,설계-구현-테스트,1,계층적 프로세스 모델은 단계(Phase)-태스크(Task)-스텝(Step) 3계층으로 구성된다.,92,concept
366,2,빅데이터분석방법론,빅데이터 분석 방법론의 계층적 프로세스 모델을 구성하는 3계층으로 옳은 것은?,기획-준비-분석,계획-실행-평가,설계-구현-테스트,단계-태스크-스텝,4,계층적 프로세스 모델은 단계(Phase)-태스크(Task)-스텝(Step) 3계층으로 구성된다.,92,concept
367,2,빅데이터분석방법론,다음 중 빅데이터 분석 방법론의 계층적 프로세스 모델을 구성하는 3계층으로 옳은 것은?,계획-실행-평가,설계-구현-테스트,단계-태스크-스텝,기획-준비-분석,3,계층적 프로세스 모델은 단계(Phase)-태스크(Task)-스텝(Step) 3계층으로 구성된다.,92,concept
368,2,빅데이터분석방법론,보기 중에서 빅데이터 분석 방법론의 계층적 프로세스 모델을 구성하는 3계층으로 옳은 것은?,설계-구현-테스트,계획-실행-평가,기획-준비-분석,단계-태스크-스텝,4,계층적 프로세스 모델은 단계(Phase)-태스크(Task)-스텝(Step) 3계층으로 구성된다.,92,concept
369,2,빅데이터분석방법론,"빅데이터 분석 방법론 5단계(기획-준비-분석-구현-전개) 중 '데이터 스토어 설계, 데이터 수집 및 정합성 점검'이 이루어지는 단계는?",분석기획,데이터 준비,데이터 분석,시스템 구현,2,데이터 준비 단계에서 데이터 스토어 설계와 수집·정합성 점검을 수행한다.,93,concept
370,2,빅데이터분석방법론,"빅데이터 분석 방법론 5단계(기획-준비-분석-구현-전개) 중 '데이터 스토어 설계, 데이터 수집 및 정합성 점검'이 이루어지는 단계는?",데이터 준비,데이터 분석,시스템 구현,분석기획,1,데이터 준비 단계에서 데이터 스토어 설계와 수집·정합성 점검을 수행한다.,93,concept
371,2,빅데이터분석방법론,"다음 중 빅데이터 분석 방법론 5단계(기획-준비-분석-구현-전개) 중 '데이터 스토어 설계, 데이터 수집 및 정합성 점검'이 이루어지는 단계는?",데이터 분석,시스템 구현,분석기획,데이터 준비,4,데이터 준비 단계에서 데이터 스토어 설계와 수집·정합성 점검을 수행한다.,93,concept
372,2,빅데이터분석방법론,"보기 중에서 빅데이터 분석 방법론 5단계(기획-준비-분석-구현-전개) 중 '데이터 스토어 설계, 데이터 수집 및 정합성 점검'이 이루어지는 단계는?",시스템 구현,데이터 분석,데이터 준비,분석기획,3,데이터 준비 단계에서 데이터 스토어 설계와 수집·정합성 점검을 수행한다.,93,concept
373,2,빅데이터분석방법론,빅데이터 분석 방법론에서 위험 대응 방안으로 옳지 않은 것은?,회피(Avoid),전이(Transfer),완화(Mitigate),은폐(Conceal),4,"위험 대응 방안은 회피, 전이, 완화, 수용(Accept)이며 은폐는 해당하지 않는다.",94,concept
374,2,빅데이터분석방법론,빅데이터 분석 방법론에서 위험 대응 방안으로 옳지 않은 것은?,전이(Transfer),완화(Mitigate),은폐(Conceal),회피(Avoid),3,"위험 대응 방안은 회피, 전이, 완화, 수용(Accept)이며 은폐는 해당하지 않는다.",94,concept
375,2,빅데이터분석방법론,다음 중 빅데이터 분석 방법론에서 위험 대응 방안으로 옳지 않은 것은?,완화(Mitigate),은폐(Conceal),회피(Avoid),전이(Transfer),2,"위험 대응 방안은 회피, 전이, 완화, 수용(Accept)이며 은폐는 해당하지 않는다.",94,concept
376,2,빅데이터분석방법론,보기 중에서 빅데이터 분석 방법론에서 위험 대응 방안으로 옳지 않은 것은?,은폐(Conceal),완화(Mitigate),전이(Transfer),회피(Avoid),1,"위험 대응 방안은 회피, 전이, 완화, 수용(Accept)이며 은폐는 해당하지 않는다.",94,concept
377,2,빅데이터분석방법론,빅데이터 분석 방법론에서 데이터셋을 훈련용 학습 데이터와 검증용 데이터로 분류하는 것은 어느 단계에 속하는가?,분석기획,데이터 준비,데이터 분석(모델링),시스템 구현,3,데이터 분할은 데이터 분석 단계의 모델링 과정에서 이루어진다.,95,concept
378,2,빅데이터분석방법론,빅데이터 분석 방법론에서 데이터셋을 훈련용 학습 데이터와 검증용 데이터로 분류하는 것은 어느 단계에 속하는가?,데이터 준비,데이터 분석(모델링),시스템 구현,분석기획,2,데이터 분할은 데이터 분석 단계의 모델링 과정에서 이루어진다.,95,concept
379,2,빅데이터분석방법론,다음 중 빅데이터 분석 방법론에서 데이터셋을 훈련용 학습 데이터와 검증용 데이터로 분류하는 것은 어느 단계에 속하는가?,데이터 분석(모델링),시스템 구현,분석기획,데이터 준비,1,데이터 분할은 데이터 분석 단계의 모델링 과정에서 이루어진다.,95,concept
380,2,빅데이터분석방법론,보기 중에서 빅데이터 분석 방법론에서 데이터셋을 훈련용 학습 데이터와 검증용 데이터로 분류하는 것은 어느 단계에 속하는가?,시스템 구현,데이터 분석(모델링),데이터 준비,분석기획,2,데이터 분할은 데이터 분석 단계의 모델링 과정에서 이루어진다.,95,concept
381,2,분석과제 도출,제시된 문제(분석 대상)가 확실한 경우 체계적인 단계화로 문제를 해결하는 분석 과제 도출 접근 방식은?,상향식 접근,하향식 접근(Top Down),프로토타이핑,디자인 씽킹,2,하향식 접근은 문제가 명확할 때 체계적 단계화로 해결방안을 도출한다.,96,concept
382,2,분석과제 도출,제시된 문제(분석 대상)가 확실한 경우 체계적인 단계화로 문제를 해결하는 분석 과제 도출 접근 방식은?,하향식 접근(Top Down),프로토타이핑,디자인 씽킹,상향식 접근,1,하향식 접근은 문제가 명확할 때 체계적 단계화로 해결방안을 도출한다.,96,concept
383,2,분석과제 도출,다음 중 제시된 문제(분석 대상)가 확실한 경우 체계적인 단계화로 문제를 해결하는 분석 과제 도출 접근 방식은?,프로토타이핑,디자인 씽킹,상향식 접근,하향식 접근(Top Down),4,하향식 접근은 문제가 명확할 때 체계적 단계화로 해결방안을 도출한다.,96,concept
384,2,분석과제 도출,보기 중에서 제시된 문제(분석 대상)가 확실한 경우 체계적인 단계화로 문제를 해결하는 분석 과제 도출 접근 방식은?,디자인 씽킹,프로토타이핑,하향식 접근(Top Down),상향식 접근,3,하향식 접근은 문제가 명확할 때 체계적 단계화로 해결방안을 도출한다.,96,concept
385,2,분석과제 도출,문제 정의 자체가 어려운 경우 데이터를 기반으로 문제를 탐색하는 분석 과제 도출 접근 방식은?,하향식 접근,상향식 접근(Bottom Up),폭포수 접근,SOW 작성,2,상향식 접근은 데이터 탐색을 통해 문제 자체를 발견하는 방식이다.,97,concept
386,2,분석과제 도출,문제 정의 자체가 어려운 경우 데이터를 기반으로 문제를 탐색하는 분석 과제 도출 접근 방식은?,상향식 접근(Bottom Up),폭포수 접근,SOW 작성,하향식 접근,1,상향식 접근은 데이터 탐색을 통해 문제 자체를 발견하는 방식이다.,97,concept
387,2,분석과제 도출,다음 중 문제 정의 자체가 어려운 경우 데이터를 기반으로 문제를 탐색하는 분석 과제 도출 접근 방식은?,폭포수 접근,SOW 작성,하향식 접근,상향식 접근(Bottom Up),4,상향식 접근은 데이터 탐색을 통해 문제 자체를 발견하는 방식이다.,97,concept
388,2,분석과제 도출,보기 중에서 문제 정의 자체가 어려운 경우 데이터를 기반으로 문제를 탐색하는 분석 과제 도출 접근 방식은?,SOW 작성,폭포수 접근,상향식 접근(Bottom Up),하향식 접근,3,상향식 접근은 데이터 탐색을 통해 문제 자체를 발견하는 방식이다.,97,concept
389,2,디자인씽킹,디자인 씽킹의 5단계 순서로 옳은 것은?,공감 → 문제정의 → 아이디어 발산 → 프로토타입 → 테스트,문제정의 → 공감 → 프로토타입 → 아이디어발산 → 테스트,공감 → 아이디어발산 → 문제정의 → 테스트 → 프로토타입,테스트 → 공감 → 문제정의 → 아이디어발산 → 프로토타입,1,디자인 씽킹은 공감(Empathize)-정의(Define)-아이디어발산(Ideate)-프로토타입-테스트 순이다.,98,concept
390,2,디자인씽킹,디자인 씽킹의 5단계 순서로 옳은 것은?,문제정의 → 공감 → 프로토타입 → 아이디어발산 → 테스트,공감 → 아이디어발산 → 문제정의 → 테스트 → 프로토타입,테스트 → 공감 → 문제정의 → 아이디어발산 → 프로토타입,공감 → 문제정의 → 아이디어 발산 → 프로토타입 → 테스트,4,디자인 씽킹은 공감(Empathize)-정의(Define)-아이디어발산(Ideate)-프로토타입-테스트 순이다.,98,concept
391,2,디자인씽킹,다음 중 디자인 씽킹의 5단계 순서로 옳은 것은?,공감 → 아이디어발산 → 문제정의 → 테스트 → 프로토타입,테스트 → 공감 → 문제정의 → 아이디어발산 → 프로토타입,공감 → 문제정의 → 아이디어 발산 → 프로토타입 → 테스트,문제정의 → 공감 → 프로토타입 → 아이디어발산 → 테스트,3,디자인 씽킹은 공감(Empathize)-정의(Define)-아이디어발산(Ideate)-프로토타입-테스트 순이다.,98,concept
392,2,디자인씽킹,보기 중에서 디자인 씽킹의 5단계 순서로 옳은 것은?,테스트 → 공감 → 문제정의 → 아이디어발산 → 프로토타입,공감 → 아이디어발산 → 문제정의 → 테스트 → 프로토타입,문제정의 → 공감 → 프로토타입 → 아이디어발산 → 테스트,공감 → 문제정의 → 아이디어 발산 → 프로토타입 → 테스트,4,디자인 씽킹은 공감(Empathize)-정의(Define)-아이디어발산(Ideate)-프로토타입-테스트 순이다.,98,concept
393,2,디자인씽킹,"디자인 씽킹은 상향식 접근과 하향식 접근을 혼합한 방법론이라 할 때, 상향식은 어떤 단계와 관련이 깊은가?",수렴(Converse),발산(Diverse),검증,표준화,2,상향식 접근은 다양한 아이디어를 발산(Diverse)하는 단계와 관련이 깊다.,99,concept
394,2,디자인씽킹,"디자인 씽킹은 상향식 접근과 하향식 접근을 혼합한 방법론이라 할 때, 상향식은 어떤 단계와 관련이 깊은가?",발산(Diverse),검증,표준화,수렴(Converse),1,상향식 접근은 다양한 아이디어를 발산(Diverse)하는 단계와 관련이 깊다.,99,concept
395,2,디자인씽킹,"다음 중 디자인 씽킹은 상향식 접근과 하향식 접근을 혼합한 방법론이라 할 때, 상향식은 어떤 단계와 관련이 깊은가?",검증,표준화,수렴(Converse),발산(Diverse),4,상향식 접근은 다양한 아이디어를 발산(Diverse)하는 단계와 관련이 깊다.,99,concept
396,2,디자인씽킹,"보기 중에서 디자인 씽킹은 상향식 접근과 하향식 접근을 혼합한 방법론이라 할 때, 상향식은 어떤 단계와 관련이 깊은가?",표준화,검증,발산(Diverse),수렴(Converse),3,상향식 접근은 다양한 아이디어를 발산(Diverse)하는 단계와 관련이 깊다.,99,concept
397,2,하향식 접근,하향식 접근 방식의 4단계 순서로 옳은 것은?,문제탐색 → 문제정의 → 해결방안 탐색 → 타당성 검토,문제정의 → 문제탐색 → 타당성 검토 → 해결방안 탐색,타당성 검토 → 문제탐색 → 문제정의 → 해결방안 탐색,해결방안 탐색 → 문제정의 → 문제탐색 → 타당성 검토,1,하향식 접근은 문제탐색-문제정의-해결방안탐색-타당성검토 순으로 진행된다.,100,concept
398,2,하향식 접근,하향식 접근 방식의 4단계 순서로 옳은 것은?,문제정의 → 문제탐색 → 타당성 검토 → 해결방안 탐색,타당성 검토 → 문제탐색 → 문제정의 → 해결방안 탐색,해결방안 탐색 → 문제정의 → 문제탐색 → 타당성 검토,문제탐색 → 문제정의 → 해결방안 탐색 → 타당성 검토,4,하향식 접근은 문제탐색-문제정의-해결방안탐색-타당성검토 순으로 진행된다.,100,concept
399,2,하향식 접근,다음 중 하향식 접근 방식의 4단계 순서로 옳은 것은?,타당성 검토 → 문제탐색 → 문제정의 → 해결방안 탐색,해결방안 탐색 → 문제정의 → 문제탐색 → 타당성 검토,문제탐색 → 문제정의 → 해결방안 탐색 → 타당성 검토,문제정의 → 문제탐색 → 타당성 검토 → 해결방안 탐색,3,하향식 접근은 문제탐색-문제정의-해결방안탐색-타당성검토 순으로 진행된다.,100,concept
400,2,하향식 접근,보기 중에서 하향식 접근 방식의 4단계 순서로 옳은 것은?,해결방안 탐색 → 문제정의 → 문제탐색 → 타당성 검토,타당성 검토 → 문제탐색 → 문제정의 → 해결방안 탐색,문제정의 → 문제탐색 → 타당성 검토 → 해결방안 탐색,문제탐색 → 문제정의 → 해결방안 탐색 → 타당성 검토,4,하향식 접근은 문제탐색-문제정의-해결방안탐색-타당성검토 순으로 진행된다.,100,concept
401,2,하향식 접근,하향식 접근의 '문제탐색' 단계에서 거시적 관점으로 활용하는 프레임워크는?,SWOT,STEEP(사회·기술·경제·환경·정치),SEMMA,PEST만,2,거시적 관점의 문제탐색에는 사회·기술·경제·환경·정치(STEEP)를 활용한다.,101,concept
402,2,하향식 접근,하향식 접근의 '문제탐색' 단계에서 거시적 관점으로 활용하는 프레임워크는?,STEEP(사회·기술·경제·환경·정치),SEMMA,PEST만,SWOT,1,거시적 관점의 문제탐색에는 사회·기술·경제·환경·정치(STEEP)를 활용한다.,101,concept
403,2,하향식 접근,다음 중 하향식 접근의 '문제탐색' 단계에서 거시적 관점으로 활용하는 프레임워크는?,SEMMA,PEST만,SWOT,STEEP(사회·기술·경제·환경·정치),4,거시적 관점의 문제탐색에는 사회·기술·경제·환경·정치(STEEP)를 활용한다.,101,concept
404,2,하향식 접근,보기 중에서 하향식 접근의 '문제탐색' 단계에서 거시적 관점으로 활용하는 프레임워크는?,PEST만,SEMMA,STEEP(사회·기술·경제·환경·정치),SWOT,3,거시적 관점의 문제탐색에는 사회·기술·경제·환경·정치(STEEP)를 활용한다.,101,concept
405,2,하향식 접근,하향식 접근의 '타당성 검토' 단계에서 고려하는 두 가지 관점은?,"비용 대비 편익, 조직 문화","경제적 타당성, 데이터·기술적 타당성","고객 니즈, 경쟁자 분석","위험 회피, 위험 수용",2,타당성 검토는 경제적 타당도와 데이터 및 기술적 타당도 두 관점에서 평가한다.,102,concept
406,2,하향식 접근,하향식 접근의 '타당성 검토' 단계에서 고려하는 두 가지 관점은?,"경제적 타당성, 데이터·기술적 타당성","고객 니즈, 경쟁자 분석","위험 회피, 위험 수용","비용 대비 편익, 조직 문화",1,타당성 검토는 경제적 타당도와 데이터 및 기술적 타당도 두 관점에서 평가한다.,102,concept
407,2,하향식 접근,다음 중 하향식 접근의 '타당성 검토' 단계에서 고려하는 두 가지 관점은?,"고객 니즈, 경쟁자 분석","위험 회피, 위험 수용","비용 대비 편익, 조직 문화","경제적 타당성, 데이터·기술적 타당성",4,타당성 검토는 경제적 타당도와 데이터 및 기술적 타당도 두 관점에서 평가한다.,102,concept
408,2,하향식 접근,보기 중에서 하향식 접근의 '타당성 검토' 단계에서 고려하는 두 가지 관점은?,"위험 회피, 위험 수용","고객 니즈, 경쟁자 분석","경제적 타당성, 데이터·기술적 타당성","비용 대비 편익, 조직 문화",3,타당성 검토는 경제적 타당도와 데이터 및 기술적 타당도 두 관점에서 평가한다.,102,concept
409,2,상향식 접근,상향식 접근 방식의 특징으로 옳지 않은 것은?,문제 정의 전 데이터 기반 탐색,비지도 학습 활용,인과관계 분석에 집중,상관관계·연관분석 활용,3,상향식 접근은 인과관계보다 상관관계·연관분석을 통해 문제 해결에 접근한다.,103,concept
410,2,상향식 접근,상향식 접근 방식의 특징으로 옳지 않은 것은?,비지도 학습 활용,인과관계 분석에 집중,상관관계·연관분석 활용,문제 정의 전 데이터 기반 탐색,2,상향식 접근은 인과관계보다 상관관계·연관분석을 통해 문제 해결에 접근한다.,103,concept
411,2,상향식 접근,다음 중 상향식 접근 방식의 특징으로 옳지 않은 것은?,인과관계 분석에 집중,상관관계·연관분석 활용,문제 정의 전 데이터 기반 탐색,비지도 학습 활용,1,상향식 접근은 인과관계보다 상관관계·연관분석을 통해 문제 해결에 접근한다.,103,concept
412,2,상향식 접근,보기 중에서 상향식 접근 방식의 특징으로 옳지 않은 것은?,상관관계·연관분석 활용,인과관계 분석에 집중,비지도 학습 활용,문제 정의 전 데이터 기반 탐색,2,상향식 접근은 인과관계보다 상관관계·연관분석을 통해 문제 해결에 접근한다.,103,concept
413,2,상향식 접근,빅데이터 환경에서 프로토타이핑의 역할로 옳지 않은 것은?,문제 정의의 불명확성 해소,필요 데이터 존재 여부 조기 확인,데이터 사용 목적의 가변성 지원,최초 목적을 절대 변경할 수 없도록 고정,4,프로토타이핑은 오히려 목적을 유연하게 전환할 수 있도록 지원하는 데 의의가 있다.,104,concept
414,2,상향식 접근,빅데이터 환경에서 프로토타이핑의 역할로 옳지 않은 것은?,필요 데이터 존재 여부 조기 확인,데이터 사용 목적의 가변성 지원,최초 목적을 절대 변경할 수 없도록 고정,문제 정의의 불명확성 해소,3,프로토타이핑은 오히려 목적을 유연하게 전환할 수 있도록 지원하는 데 의의가 있다.,104,concept
415,2,상향식 접근,다음 중 빅데이터 환경에서 프로토타이핑의 역할로 옳지 않은 것은?,데이터 사용 목적의 가변성 지원,최초 목적을 절대 변경할 수 없도록 고정,문제 정의의 불명확성 해소,필요 데이터 존재 여부 조기 확인,2,프로토타이핑은 오히려 목적을 유연하게 전환할 수 있도록 지원하는 데 의의가 있다.,104,concept
416,2,상향식 접근,보기 중에서 빅데이터 환경에서 프로토타이핑의 역할로 옳지 않은 것은?,최초 목적을 절대 변경할 수 없도록 고정,데이터 사용 목적의 가변성 지원,필요 데이터 존재 여부 조기 확인,문제 정의의 불명확성 해소,1,프로토타이핑은 오히려 목적을 유연하게 전환할 수 있도록 지원하는 데 의의가 있다.,104,concept
417,2,분석프로젝트 관리,분석 프로젝트 관리의 5가지 주요 속성에 해당하지 않는 것은?,데이터 크기(Data Size),분석 복잡성(Analytic Complexity),정확도와 정밀도,마케팅 예산,4,"5대 속성은 데이터 크기, 데이터 복잡성, 속도, 분석 복잡성, 정확도와 정밀도이다.",105,concept
418,2,분석프로젝트 관리,분석 프로젝트 관리의 5가지 주요 속성에 해당하지 않는 것은?,분석 복잡성(Analytic Complexity),정확도와 정밀도,마케팅 예산,데이터 크기(Data Size),3,"5대 속성은 데이터 크기, 데이터 복잡성, 속도, 분석 복잡성, 정확도와 정밀도이다.",105,concept
419,2,분석프로젝트 관리,다음 중 분석 프로젝트 관리의 5가지 주요 속성에 해당하지 않는 것은?,정확도와 정밀도,마케팅 예산,데이터 크기(Data Size),분석 복잡성(Analytic Complexity),2,"5대 속성은 데이터 크기, 데이터 복잡성, 속도, 분석 복잡성, 정확도와 정밀도이다.",105,concept
420,2,분석프로젝트 관리,보기 중에서 분석 프로젝트 관리의 5가지 주요 속성에 해당하지 않는 것은?,마케팅 예산,정확도와 정밀도,분석 복잡성(Analytic Complexity),데이터 크기(Data Size),1,"5대 속성은 데이터 크기, 데이터 복잡성, 속도, 분석 복잡성, 정확도와 정밀도이다.",105,concept
421,2,분석프로젝트 관리,"모델의 예측값이 실제값과 얼마나 가까운지를 나타내며, 활용 측면에서 중요한 지표는?",정밀도(Precision),정확도(Accuracy),재현율,특이도,2,정확도는 예측값이 실제값과 얼마나 가까운지를 나타내며 활용 측면에서 중요하다.,106,concept
422,2,분석프로젝트 관리,"모델의 예측값이 실제값과 얼마나 가까운지를 나타내며, 활용 측면에서 중요한 지표는?",정확도(Accuracy),재현율,특이도,정밀도(Precision),1,정확도는 예측값이 실제값과 얼마나 가까운지를 나타내며 활용 측면에서 중요하다.,106,concept
423,2,분석프로젝트 관리,"다음 중 모델의 예측값이 실제값과 얼마나 가까운지를 나타내며, 활용 측면에서 중요한 지표는?",재현율,특이도,정밀도(Precision),정확도(Accuracy),4,정확도는 예측값이 실제값과 얼마나 가까운지를 나타내며 활용 측면에서 중요하다.,106,concept
424,2,분석프로젝트 관리,"보기 중에서 모델의 예측값이 실제값과 얼마나 가까운지를 나타내며, 활용 측면에서 중요한 지표는?",특이도,재현율,정확도(Accuracy),정밀도(Precision),3,정확도는 예측값이 실제값과 얼마나 가까운지를 나타내며 활용 측면에서 중요하다.,106,concept
425,2,분석프로젝트 관리,"모델을 반복 적용했을 때 결과의 편차가 얼마나 적은지를 나타내며, 안정성 측면에서 중요한 지표는?",정확도,정밀도(Precision),복잡도,재현율,2,정밀도는 모델을 반복 적용했을 때 결과가 얼마나 일관되는지를 나타내며 안정성 측면에서 중요하다.,107,concept
426,2,분석프로젝트 관리,"모델을 반복 적용했을 때 결과의 편차가 얼마나 적은지를 나타내며, 안정성 측면에서 중요한 지표는?",정밀도(Precision),복잡도,재현율,정확도,1,정밀도는 모델을 반복 적용했을 때 결과가 얼마나 일관되는지를 나타내며 안정성 측면에서 중요하다.,107,concept
427,2,분석프로젝트 관리,"다음 중 모델을 반복 적용했을 때 결과의 편차가 얼마나 적은지를 나타내며, 안정성 측면에서 중요한 지표는?",복잡도,재현율,정확도,정밀도(Precision),4,정밀도는 모델을 반복 적용했을 때 결과가 얼마나 일관되는지를 나타내며 안정성 측면에서 중요하다.,107,concept
428,2,분석프로젝트 관리,"보기 중에서 모델을 반복 적용했을 때 결과의 편차가 얼마나 적은지를 나타내며, 안정성 측면에서 중요한 지표는?",재현율,복잡도,정밀도(Precision),정확도,3,정밀도는 모델을 반복 적용했을 때 결과가 얼마나 일관되는지를 나타내며 안정성 측면에서 중요하다.,107,concept
429,2,분석 거버넌스,분석 거버넌스 체계의 구성 요소에 해당하지 않는 것은?,프로세스(Process),조직(Organization),시스템(System),경쟁사(Competitor),4,"분석 거버넌스 구성 요소는 프로세스, 조직, 시스템, 인적자원, 데이터이다.",108,concept
430,2,분석 거버넌스,분석 거버넌스 체계의 구성 요소에 해당하지 않는 것은?,조직(Organization),시스템(System),경쟁사(Competitor),프로세스(Process),3,"분석 거버넌스 구성 요소는 프로세스, 조직, 시스템, 인적자원, 데이터이다.",108,concept
431,2,분석 거버넌스,다음 중 분석 거버넌스 체계의 구성 요소에 해당하지 않는 것은?,시스템(System),경쟁사(Competitor),프로세스(Process),조직(Organization),2,"분석 거버넌스 구성 요소는 프로세스, 조직, 시스템, 인적자원, 데이터이다.",108,concept
432,2,분석 거버넌스,보기 중에서 분석 거버넌스 체계의 구성 요소에 해당하지 않는 것은?,경쟁사(Competitor),시스템(System),조직(Organization),프로세스(Process),1,"분석 거버넌스 구성 요소는 프로세스, 조직, 시스템, 인적자원, 데이터이다.",108,concept
433,2,분석 준비도·성숙도,데이터 분석 준비도와 성숙도 진단 중 CMMI 모델을 기반으로 평가하는 것은?,분석 준비도(Readiness),분석 성숙도(Maturity),분석 거버넌스,ISP,2,분석 성숙도는 CMMI 모델을 기반으로 비즈니스·조직/역량·IT 관점에서 평가한다.,109,concept
434,2,분석 준비도·성숙도,데이터 분석 준비도와 성숙도 진단 중 CMMI 모델을 기반으로 평가하는 것은?,분석 성숙도(Maturity),분석 거버넌스,ISP,분석 준비도(Readiness),1,분석 성숙도는 CMMI 모델을 기반으로 비즈니스·조직/역량·IT 관점에서 평가한다.,109,concept
435,2,분석 준비도·성숙도,다음 중 데이터 분석 준비도와 성숙도 진단 중 CMMI 모델을 기반으로 평가하는 것은?,분석 거버넌스,ISP,분석 준비도(Readiness),분석 성숙도(Maturity),4,분석 성숙도는 CMMI 모델을 기반으로 비즈니스·조직/역량·IT 관점에서 평가한다.,109,concept
436,2,분석 준비도·성숙도,보기 중에서 데이터 분석 준비도와 성숙도 진단 중 CMMI 모델을 기반으로 평가하는 것은?,ISP,분석 거버넌스,분석 성숙도(Maturity),분석 준비도(Readiness),3,분석 성숙도는 CMMI 모델을 기반으로 비즈니스·조직/역량·IT 관점에서 평가한다.,109,concept
437,2,분석 준비도·성숙도,데이터 분석 성숙도 모델의 4단계(낮음→높음)로 옳은 것은?,도입형 → 준비형 → 정착형 → 확산형,준비형 → 도입형 → 정착형 → 확산형,정착형 → 도입형 → 준비형 → 확산형,준비형 → 정착형 → 도입형 → 확산형,2,성숙도는 준비형-도입형-정착형-확산형 순으로 낮음에서 높음으로 발전한다.,110,concept
438,2,분석 준비도·성숙도,데이터 분석 성숙도 모델의 4단계(낮음→높음)로 옳은 것은?,준비형 → 도입형 → 정착형 → 확산형,정착형 → 도입형 → 준비형 → 확산형,준비형 → 정착형 → 도입형 → 확산형,도입형 → 준비형 → 정착형 → 확산형,1,성숙도는 준비형-도입형-정착형-확산형 순으로 낮음에서 높음으로 발전한다.,110,concept
439,2,분석 준비도·성숙도,다음 중 데이터 분석 성숙도 모델의 4단계(낮음→높음)로 옳은 것은?,정착형 → 도입형 → 준비형 → 확산형,준비형 → 정착형 → 도입형 → 확산형,도입형 → 준비형 → 정착형 → 확산형,준비형 → 도입형 → 정착형 → 확산형,4,성숙도는 준비형-도입형-정착형-확산형 순으로 낮음에서 높음으로 발전한다.,110,concept
440,2,분석 준비도·성숙도,보기 중에서 데이터 분석 성숙도 모델의 4단계(낮음→높음)로 옳은 것은?,준비형 → 정착형 → 도입형 → 확산형,정착형 → 도입형 → 준비형 → 확산형,준비형 → 도입형 → 정착형 → 확산형,도입형 → 준비형 → 정착형 → 확산형,3,성숙도는 준비형-도입형-정착형-확산형 순으로 낮음에서 높음으로 발전한다.,110,concept
441,2,분석 마스터플랜,"분석 과제 우선순위 결정 시, 시급성이 높고 난이도가 낮은 과제부터 착수하는 기준에서 가장 우선순위가 높은 영역은?",시급성 높음·난이도 높음,시급성 높음·난이도 낮음,시급성 낮음·난이도 낮음,시급성 낮음·난이도 높음,2,일반적으로 시급성이 높고 난이도가 낮은 과제가 가장 먼저 착수할 우선순위가 높다.,111,concept
442,2,분석 마스터플랜,"분석 과제 우선순위 결정 시, 시급성이 높고 난이도가 낮은 과제부터 착수하는 기준에서 가장 우선순위가 높은 영역은?",시급성 높음·난이도 낮음,시급성 낮음·난이도 낮음,시급성 낮음·난이도 높음,시급성 높음·난이도 높음,1,일반적으로 시급성이 높고 난이도가 낮은 과제가 가장 먼저 착수할 우선순위가 높다.,111,concept
443,2,분석 마스터플랜,"다음 중 분석 과제 우선순위 결정 시, 시급성이 높고 난이도가 낮은 과제부터 착수하는 기준에서 가장 우선순위가 높은 영역은?",시급성 낮음·난이도 낮음,시급성 낮음·난이도 높음,시급성 높음·난이도 높음,시급성 높음·난이도 낮음,4,일반적으로 시급성이 높고 난이도가 낮은 과제가 가장 먼저 착수할 우선순위가 높다.,111,concept
444,2,분석 마스터플랜,"보기 중에서 분석 과제 우선순위 결정 시, 시급성이 높고 난이도가 낮은 과제부터 착수하는 기준에서 가장 우선순위가 높은 영역은?",시급성 낮음·난이도 높음,시급성 낮음·난이도 낮음,시급성 높음·난이도 낮음,시급성 높음·난이도 높음,3,일반적으로 시급성이 높고 난이도가 낮은 과제가 가장 먼저 착수할 우선순위가 높다.,111,concept
445,2,분석 마스터플랜,ROI 관점에서 분석 과제의 우선순위를 결정할 때 '시급성'과 관련된 요소는?,투자비용(Investment),비즈니스 효과(Return),데이터 크기,조직 구조,2,"시급성은 비즈니스 효과(Return), 즉 목표 가치와 관련된다.",112,concept
446,2,분석 마스터플랜,ROI 관점에서 분석 과제의 우선순위를 결정할 때 '시급성'과 관련된 요소는?,비즈니스 효과(Return),데이터 크기,조직 구조,투자비용(Investment),1,"시급성은 비즈니스 효과(Return), 즉 목표 가치와 관련된다.",112,concept
447,2,분석 마스터플랜,다음 중 ROI 관점에서 분석 과제의 우선순위를 결정할 때 '시급성'과 관련된 요소는?,데이터 크기,조직 구조,투자비용(Investment),비즈니스 효과(Return),4,"시급성은 비즈니스 효과(Return), 즉 목표 가치와 관련된다.",112,concept
448,2,분석 마스터플랜,보기 중에서 ROI 관점에서 분석 과제의 우선순위를 결정할 때 '시급성'과 관련된 요소는?,조직 구조,데이터 크기,비즈니스 효과(Return),투자비용(Investment),3,"시급성은 비즈니스 효과(Return), 즉 목표 가치와 관련된다.",112,concept
449,2,분석 마스터플랜,"전략적 주요 정보를 대상으로 전사적인 종합 추진 계획, 중장기 마스터플랜을 수립하는 것은?",ISP(Information Strategy Planning),KDD,CRISP-DM,SOW,1,ISP(정보전략계획)는 전사적 중장기 마스터플랜을 수립하는 절차이다.,113,concept
450,2,분석 마스터플랜,"전략적 주요 정보를 대상으로 전사적인 종합 추진 계획, 중장기 마스터플랜을 수립하는 것은?",KDD,CRISP-DM,SOW,ISP(Information Strategy Planning),4,ISP(정보전략계획)는 전사적 중장기 마스터플랜을 수립하는 절차이다.,113,concept
451,2,분석 마스터플랜,"다음 중 전략적 주요 정보를 대상으로 전사적인 종합 추진 계획, 중장기 마스터플랜을 수립하는 것은?",CRISP-DM,SOW,ISP(Information Strategy Planning),KDD,3,ISP(정보전략계획)는 전사적 중장기 마스터플랜을 수립하는 절차이다.,113,concept
452,2,분석 마스터플랜,"보기 중에서 전략적 주요 정보를 대상으로 전사적인 종합 추진 계획, 중장기 마스터플랜을 수립하는 것은?",SOW,CRISP-DM,KDD,ISP(Information Strategy Planning),4,ISP(정보전략계획)는 전사적 중장기 마스터플랜을 수립하는 절차이다.,113,concept
453,2,분석조직구조,"별도의 독립적 분석 조직을 구성해 전사 차원에서 우선순위를 결정하지만, 협업 부서와 중복 업무 가능성이 있는 조직 구조는?",기능 중심 조직,집중형 조직,분산 조직,매트릭스 조직,2,"집중형 조직은 별도 독립 조직이 분석 업무를 일괄 담당하며, 협업 부서와 중복 가능성이 있다.",114,concept
454,2,분석조직구조,"별도의 독립적 분석 조직을 구성해 전사 차원에서 우선순위를 결정하지만, 협업 부서와 중복 업무 가능성이 있는 조직 구조는?",집중형 조직,분산 조직,매트릭스 조직,기능 중심 조직,1,"집중형 조직은 별도 독립 조직이 분석 업무를 일괄 담당하며, 협업 부서와 중복 가능성이 있다.",114,concept
455,2,분석조직구조,"다음 중 별도의 독립적 분석 조직을 구성해 전사 차원에서 우선순위를 결정하지만, 협업 부서와 중복 업무 가능성이 있는 조직 구조는?",분산 조직,매트릭스 조직,기능 중심 조직,집중형 조직,4,"집중형 조직은 별도 독립 조직이 분석 업무를 일괄 담당하며, 협업 부서와 중복 가능성이 있다.",114,concept
456,2,분석조직구조,"보기 중에서 별도의 독립적 분석 조직을 구성해 전사 차원에서 우선순위를 결정하지만, 협업 부서와 중복 업무 가능성이 있는 조직 구조는?",매트릭스 조직,분산 조직,집중형 조직,기능 중심 조직,3,"집중형 조직은 별도 독립 조직이 분석 업무를 일괄 담당하며, 협업 부서와 중복 가능성이 있다.",114,concept
457,2,분석조직구조,독립적 분석 조직의 인력을 협업 부서에 배치하여 분석 결과의 신속한 실무 적용이 가능한 조직 구조는?,집중형 조직,기능 중심 조직,분산 조직,TF 조직,3,분산 조직은 분석 인력을 협업 부서에 배치해 신속한 실무 적용이 가능하다.,115,concept
458,2,분석조직구조,독립적 분석 조직의 인력을 협업 부서에 배치하여 분석 결과의 신속한 실무 적용이 가능한 조직 구조는?,기능 중심 조직,분산 조직,TF 조직,집중형 조직,2,분산 조직은 분석 인력을 협업 부서에 배치해 신속한 실무 적용이 가능하다.,115,concept
459,2,분석조직구조,다음 중 독립적 분석 조직의 인력을 협업 부서에 배치하여 분석 결과의 신속한 실무 적용이 가능한 조직 구조는?,분산 조직,TF 조직,집중형 조직,기능 중심 조직,1,분산 조직은 분석 인력을 협업 부서에 배치해 신속한 실무 적용이 가능하다.,115,concept
460,2,분석조직구조,보기 중에서 독립적 분석 조직의 인력을 협업 부서에 배치하여 분석 결과의 신속한 실무 적용이 가능한 조직 구조는?,TF 조직,분산 조직,기능 중심 조직,집중형 조직,2,분산 조직은 분석 인력을 협업 부서에 배치해 신속한 실무 적용이 가능하다.,115,concept
461,2,분석과제 정의서,분석 과제 정의서에 일반적으로 포함되지 않는 항목은?,소스 데이터 및 분석 방법,데이터 입수 및 분석 난이도,분석 결과 검증 방안,개인 신용카드 정보,4,"분석 과제 정의서는 소스 데이터, 분석 방법, 난이도, 수행 주기, 검증 방안 등을 정의하며 개인 신용카드 정보와는 무관하다.",116,concept
462,2,분석과제 정의서,분석 과제 정의서에 일반적으로 포함되지 않는 항목은?,데이터 입수 및 분석 난이도,분석 결과 검증 방안,개인 신용카드 정보,소스 데이터 및 분석 방법,3,"분석 과제 정의서는 소스 데이터, 분석 방법, 난이도, 수행 주기, 검증 방안 등을 정의하며 개인 신용카드 정보와는 무관하다.",116,concept
463,2,분석과제 정의서,다음 중 분석 과제 정의서에 일반적으로 포함되지 않는 항목은?,분석 결과 검증 방안,개인 신용카드 정보,소스 데이터 및 분석 방법,데이터 입수 및 분석 난이도,2,"분석 과제 정의서는 소스 데이터, 분석 방법, 난이도, 수행 주기, 검증 방안 등을 정의하며 개인 신용카드 정보와는 무관하다.",116,concept
464,2,분석과제 정의서,보기 중에서 분석 과제 정의서에 일반적으로 포함되지 않는 항목은?,개인 신용카드 정보,분석 결과 검증 방안,데이터 입수 및 분석 난이도,소스 데이터 및 분석 방법,1,"분석 과제 정의서는 소스 데이터, 분석 방법, 난이도, 수행 주기, 검증 방안 등을 정의하며 개인 신용카드 정보와는 무관하다.",116,concept
465,2,분석과제 도출,SOW(Statement of Work)에 대한 설명으로 옳은 것은?,전체 업무를 분류·계획해 담당자에게 분할하는 문서,고객의 요구사항과 프로젝트 예상 결과를 세부적으로 기술한 작업기술서,위험 대응 방안을 정리한 문서,데이터 정의서,2,SOW는 고객 요구사항과 프로젝트 예상 결과 등을 세부 기술하는 작업기술서(명세서)이다.,117,concept
466,2,분석과제 도출,SOW(Statement of Work)에 대한 설명으로 옳은 것은?,고객의 요구사항과 프로젝트 예상 결과를 세부적으로 기술한 작업기술서,위험 대응 방안을 정리한 문서,데이터 정의서,전체 업무를 분류·계획해 담당자에게 분할하는 문서,1,SOW는 고객 요구사항과 프로젝트 예상 결과 등을 세부 기술하는 작업기술서(명세서)이다.,117,concept
467,2,분석과제 도출,다음 중 SOW(Statement of Work)에 대한 설명으로 옳은 것은?,위험 대응 방안을 정리한 문서,데이터 정의서,전체 업무를 분류·계획해 담당자에게 분할하는 문서,고객의 요구사항과 프로젝트 예상 결과를 세부적으로 기술한 작업기술서,4,SOW는 고객 요구사항과 프로젝트 예상 결과 등을 세부 기술하는 작업기술서(명세서)이다.,117,concept
468,2,분석과제 도출,보기 중에서 SOW(Statement of Work)에 대한 설명으로 옳은 것은?,데이터 정의서,위험 대응 방안을 정리한 문서,고객의 요구사항과 프로젝트 예상 결과를 세부적으로 기술한 작업기술서,전체 업무를 분류·계획해 담당자에게 분할하는 문서,3,SOW는 고객 요구사항과 프로젝트 예상 결과 등을 세부 기술하는 작업기술서(명세서)이다.,117,concept
469,2,분석과제 도출,WBS(Work Breakdown Structure)에 대한 설명으로 옳은 것은?,전체 업무를 분류하고 계획하여 담당자에게 업무를 분할하는 업무분업구조도,위험 회피·전이·완화·수용을 정리한 문서,고객 요구사항 명세서,데이터 스토어 설계도,1,WBS는 전체 업무를 분류·계획하여 담당자별로 분할하는 업무분업구조도이다.,118,concept
470,2,분석과제 도출,WBS(Work Breakdown Structure)에 대한 설명으로 옳은 것은?,위험 회피·전이·완화·수용을 정리한 문서,고객 요구사항 명세서,데이터 스토어 설계도,전체 업무를 분류하고 계획하여 담당자에게 업무를 분할하는 업무분업구조도,4,WBS는 전체 업무를 분류·계획하여 담당자별로 분할하는 업무분업구조도이다.,118,concept
471,2,분석과제 도출,다음 중 WBS(Work Breakdown Structure)에 대한 설명으로 옳은 것은?,고객 요구사항 명세서,데이터 스토어 설계도,전체 업무를 분류하고 계획하여 담당자에게 업무를 분할하는 업무분업구조도,위험 회피·전이·완화·수용을 정리한 문서,3,WBS는 전체 업무를 분류·계획하여 담당자별로 분할하는 업무분업구조도이다.,118,concept
472,2,분석과제 도출,보기 중에서 WBS(Work Breakdown Structure)에 대한 설명으로 옳은 것은?,데이터 스토어 설계도,고객 요구사항 명세서,위험 회피·전이·완화·수용을 정리한 문서,전체 업무를 분류하고 계획하여 담당자에게 업무를 분할하는 업무분업구조도,4,WBS는 전체 업무를 분류·계획하여 담당자별로 분할하는 업무분업구조도이다.,118,concept
473,2,빅데이터분석방법론,빅데이터 분석 방법론 5단계 중 알고리즘 설명서를 바탕으로 시스템 및 아키텍처를 설계하고 구현하는 단계는?,데이터 준비,데이터 분석,시스템 구현,평가 및 전개,3,시스템 구현 단계에서 알고리즘 설명서를 바탕으로 설계·구현을 진행한다.,119,concept
474,2,빅데이터분석방법론,빅데이터 분석 방법론 5단계 중 알고리즘 설명서를 바탕으로 시스템 및 아키텍처를 설계하고 구현하는 단계는?,데이터 분석,시스템 구현,평가 및 전개,데이터 준비,2,시스템 구현 단계에서 알고리즘 설명서를 바탕으로 설계·구현을 진행한다.,119,concept
475,2,빅데이터분석방법론,다음 중 빅데이터 분석 방법론 5단계 중 알고리즘 설명서를 바탕으로 시스템 및 아키텍처를 설계하고 구현하는 단계는?,시스템 구현,평가 및 전개,데이터 준비,데이터 분석,1,시스템 구현 단계에서 알고리즘 설명서를 바탕으로 설계·구현을 진행한다.,119,concept
476,2,빅데이터분석방법론,보기 중에서 빅데이터 분석 방법론 5단계 중 알고리즘 설명서를 바탕으로 시스템 및 아키텍처를 설계하고 구현하는 단계는?,평가 및 전개,시스템 구현,데이터 분석,데이터 준비,2,시스템 구현 단계에서 알고리즘 설명서를 바탕으로 설계·구현을 진행한다.,119,concept
477,2,빅데이터분석방법론,"빅데이터 분석 방법론에서 감성분석, 토픽분석 등 텍스트로부터 분석 목적에 맞는 모델을 구축하는 작업이 포함되는 단계는?",데이터 준비,데이터 분석(텍스트 분석),시스템 구현,분석기획,2,"데이터 분석 단계의 텍스트 분석에서 감성분석, 토픽분석 등을 수행한다.",120,concept
478,2,빅데이터분석방법론,"빅데이터 분석 방법론에서 감성분석, 토픽분석 등 텍스트로부터 분석 목적에 맞는 모델을 구축하는 작업이 포함되는 단계는?",데이터 분석(텍스트 분석),시스템 구현,분석기획,데이터 준비,1,"데이터 분석 단계의 텍스트 분석에서 감성분석, 토픽분석 등을 수행한다.",120,concept
479,2,빅데이터분석방법론,"다음 중 빅데이터 분석 방법론에서 감성분석, 토픽분석 등 텍스트로부터 분석 목적에 맞는 모델을 구축하는 작업이 포함되는 단계는?",시스템 구현,분석기획,데이터 준비,데이터 분석(텍스트 분석),4,"데이터 분석 단계의 텍스트 분석에서 감성분석, 토픽분석 등을 수행한다.",120,concept
480,2,빅데이터분석방법론,"보기 중에서 빅데이터 분석 방법론에서 감성분석, 토픽분석 등 텍스트로부터 분석 목적에 맞는 모델을 구축하는 작업이 포함되는 단계는?",분석기획,시스템 구현,데이터 분석(텍스트 분석),데이터 준비,3,"데이터 분석 단계의 텍스트 분석에서 감성분석, 토픽분석 등을 수행한다.",120,concept
481,2,분석 방법론,분석 방법론의 계층 구조에서 '태스크를 세분화한 세부 프로세스 단위이며 입력자료·처리 및 도구·출력자료로 구성'되는 계층은?,단계(Phase),태스크(Task),스텝(Step),액티비티(Activity),3,스텝은 태스크를 세분화한 최소 실행 단위로 입력·처리·출력으로 구성된다.,121,concept
482,2,분석 방법론,분석 방법론의 계층 구조에서 '태스크를 세분화한 세부 프로세스 단위이며 입력자료·처리 및 도구·출력자료로 구성'되는 계층은?,태스크(Task),스텝(Step),액티비티(Activity),단계(Phase),2,스텝은 태스크를 세분화한 최소 실행 단위로 입력·처리·출력으로 구성된다.,121,concept
483,2,분석 방법론,다음 중 분석 방법론의 계층 구조에서 '태스크를 세분화한 세부 프로세스 단위이며 입력자료·처리 및 도구·출력자료로 구성'되는 계층은?,스텝(Step),액티비티(Activity),단계(Phase),태스크(Task),1,스텝은 태스크를 세분화한 최소 실행 단위로 입력·처리·출력으로 구성된다.,121,concept
484,2,분석 방법론,보기 중에서 분석 방법론의 계층 구조에서 '태스크를 세분화한 세부 프로세스 단위이며 입력자료·처리 및 도구·출력자료로 구성'되는 계층은?,액티비티(Activity),스텝(Step),태스크(Task),단계(Phase),2,스텝은 태스크를 세분화한 최소 실행 단위로 입력·처리·출력으로 구성된다.,121,concept
485,2,분석 방법론,분석 방법론의 계층 구조에서 프로세스 그룹을 기반으로 큰 흐름을 정의하며 기준선(Baseline)으로 관리되는 최상위 계층은?,단계(Phase),태스크(Task),스텝(Step),워크패키지,1,단계(Phase)는 최상위 계층으로 기준선으로 설정되어 버전 관리로 통제된다.,122,concept
486,2,분석 방법론,분석 방법론의 계층 구조에서 프로세스 그룹을 기반으로 큰 흐름을 정의하며 기준선(Baseline)으로 관리되는 최상위 계층은?,태스크(Task),스텝(Step),워크패키지,단계(Phase),4,단계(Phase)는 최상위 계층으로 기준선으로 설정되어 버전 관리로 통제된다.,122,concept
487,2,분석 방법론,다음 중 분석 방법론의 계층 구조에서 프로세스 그룹을 기반으로 큰 흐름을 정의하며 기준선(Baseline)으로 관리되는 최상위 계층은?,스텝(Step),워크패키지,단계(Phase),태스크(Task),3,단계(Phase)는 최상위 계층으로 기준선으로 설정되어 버전 관리로 통제된다.,122,concept
488,2,분석 방법론,보기 중에서 분석 방법론의 계층 구조에서 프로세스 그룹을 기반으로 큰 흐름을 정의하며 기준선(Baseline)으로 관리되는 최상위 계층은?,워크패키지,스텝(Step),태스크(Task),단계(Phase),4,단계(Phase)는 최상위 계층으로 기준선으로 설정되어 버전 관리로 통제된다.,122,concept
489,2,하향식 접근,"하향식 접근의 문제탐색 단계에서 대체재, 경쟁자, 신규 진입자를 분석하는 관점은?",거시적 관점(STEEP),경쟁자 확대 관점,시장 니즈 관점,역량의 재해석 관점,2,경쟁자 확대 관점은 대체재·경쟁자·신규 진입자 영역에서 위협 요소를 식별한다.,123,concept
490,2,하향식 접근,"하향식 접근의 문제탐색 단계에서 대체재, 경쟁자, 신규 진입자를 분석하는 관점은?",경쟁자 확대 관점,시장 니즈 관점,역량의 재해석 관점,거시적 관점(STEEP),1,경쟁자 확대 관점은 대체재·경쟁자·신규 진입자 영역에서 위협 요소를 식별한다.,123,concept
491,2,하향식 접근,"다음 중 하향식 접근의 문제탐색 단계에서 대체재, 경쟁자, 신규 진입자를 분석하는 관점은?",시장 니즈 관점,역량의 재해석 관점,거시적 관점(STEEP),경쟁자 확대 관점,4,경쟁자 확대 관점은 대체재·경쟁자·신규 진입자 영역에서 위협 요소를 식별한다.,123,concept
492,2,하향식 접근,"보기 중에서 하향식 접근의 문제탐색 단계에서 대체재, 경쟁자, 신규 진입자를 분석하는 관점은?",역량의 재해석 관점,시장 니즈 관점,경쟁자 확대 관점,거시적 관점(STEEP),3,경쟁자 확대 관점은 대체재·경쟁자·신규 진입자 영역에서 위협 요소를 식별한다.,123,concept
493,2,하향식 접근,"하향식 접근의 문제탐색 단계에서 고객, 채널, 영향자(이해관계자) 관점에서 니즈를 탐색하는 것은?",거시적 관점,경쟁자 확대 관점,시장의 니즈 관점,내부 역량 관점,3,시장의 니즈 관점은 고객·채널·영향자 관점에서 제품·서비스의 개선 기회를 탐색한다.,124,concept
494,2,하향식 접근,"하향식 접근의 문제탐색 단계에서 고객, 채널, 영향자(이해관계자) 관점에서 니즈를 탐색하는 것은?",경쟁자 확대 관점,시장의 니즈 관점,내부 역량 관점,거시적 관점,2,시장의 니즈 관점은 고객·채널·영향자 관점에서 제품·서비스의 개선 기회를 탐색한다.,124,concept
495,2,하향식 접근,"다음 중 하향식 접근의 문제탐색 단계에서 고객, 채널, 영향자(이해관계자) 관점에서 니즈를 탐색하는 것은?",시장의 니즈 관점,내부 역량 관점,거시적 관점,경쟁자 확대 관점,1,시장의 니즈 관점은 고객·채널·영향자 관점에서 제품·서비스의 개선 기회를 탐색한다.,124,concept
496,2,하향식 접근,"보기 중에서 하향식 접근의 문제탐색 단계에서 고객, 채널, 영향자(이해관계자) 관점에서 니즈를 탐색하는 것은?",내부 역량 관점,시장의 니즈 관점,경쟁자 확대 관점,거시적 관점,2,시장의 니즈 관점은 고객·채널·영향자 관점에서 제품·서비스의 개선 기회를 탐색한다.,124,concept
497,2,하향식 접근,유사·동종 업종의 사례를 벤치마킹하여 새로운 문제와 분석 기회를 발굴하는 하향식 문제탐색 방법은?,비즈니스 모델 기반 문제탐색,외부 참조 모델 기반 문제탐색,역량의 재해석 관점,경쟁자 확대 관점,2,외부 참조 모델 기반 문제탐색은 유사 업종의 사례를 벤치마킹하는 방법이다.,125,concept
498,2,하향식 접근,유사·동종 업종의 사례를 벤치마킹하여 새로운 문제와 분석 기회를 발굴하는 하향식 문제탐색 방법은?,외부 참조 모델 기반 문제탐색,역량의 재해석 관점,경쟁자 확대 관점,비즈니스 모델 기반 문제탐색,1,외부 참조 모델 기반 문제탐색은 유사 업종의 사례를 벤치마킹하는 방법이다.,125,concept
499,2,하향식 접근,다음 중 유사·동종 업종의 사례를 벤치마킹하여 새로운 문제와 분석 기회를 발굴하는 하향식 문제탐색 방법은?,역량의 재해석 관점,경쟁자 확대 관점,비즈니스 모델 기반 문제탐색,외부 참조 모델 기반 문제탐색,4,외부 참조 모델 기반 문제탐색은 유사 업종의 사례를 벤치마킹하는 방법이다.,125,concept
500,2,하향식 접근,보기 중에서 유사·동종 업종의 사례를 벤치마킹하여 새로운 문제와 분석 기회를 발굴하는 하향식 문제탐색 방법은?,경쟁자 확대 관점,역량의 재해석 관점,외부 참조 모델 기반 문제탐색,비즈니스 모델 기반 문제탐색,3,외부 참조 모델 기반 문제탐색은 유사 업종의 사례를 벤치마킹하는 방법이다.,125,concept
501,2,분석 거버넌스,데이터 거버넌스의 구성 요소로 옳은 것은?,"원칙, 조직, 프로세스","예산, 인력, 일정","데이터, 하드웨어, 소프트웨어","전략, 전술, 운영",1,"데이터 거버넌스는 원칙(Principle), 조직(Organization), 프로세스(Process)로 구성된다.",126,concept
502,2,분석 거버넌스,데이터 거버넌스의 구성 요소로 옳은 것은?,"예산, 인력, 일정","데이터, 하드웨어, 소프트웨어","전략, 전술, 운영","원칙, 조직, 프로세스",4,"데이터 거버넌스는 원칙(Principle), 조직(Organization), 프로세스(Process)로 구성된다.",126,concept
503,2,분석 거버넌스,다음 중 데이터 거버넌스의 구성 요소로 옳은 것은?,"데이터, 하드웨어, 소프트웨어","전략, 전술, 운영","원칙, 조직, 프로세스","예산, 인력, 일정",3,"데이터 거버넌스는 원칙(Principle), 조직(Organization), 프로세스(Process)로 구성된다.",126,concept
504,2,분석 거버넌스,보기 중에서 데이터 거버넌스의 구성 요소로 옳은 것은?,"전략, 전술, 운영","데이터, 하드웨어, 소프트웨어","예산, 인력, 일정","원칙, 조직, 프로세스",4,"데이터 거버넌스는 원칙(Principle), 조직(Organization), 프로세스(Process)로 구성된다.",126,concept
505,2,분석 거버넌스,빅데이터 거버넌스가 기존 데이터 거버넌스 체계에 추가로 포함하는 요소로 옳은 것은?,"다양한 데이터 관리체계와 데이터 최적화, 정보보호",예산 승인 프로세스,인사 평가 체계,마케팅 전략 수립,1,"빅데이터 거버넌스는 다양한 데이터 관리체계, 데이터 최적화, 정보보호 등을 포함한다.",127,concept
506,2,분석 거버넌스,빅데이터 거버넌스가 기존 데이터 거버넌스 체계에 추가로 포함하는 요소로 옳은 것은?,예산 승인 프로세스,인사 평가 체계,마케팅 전략 수립,"다양한 데이터 관리체계와 데이터 최적화, 정보보호",4,"빅데이터 거버넌스는 다양한 데이터 관리체계, 데이터 최적화, 정보보호 등을 포함한다.",127,concept
507,2,분석 거버넌스,다음 중 빅데이터 거버넌스가 기존 데이터 거버넌스 체계에 추가로 포함하는 요소로 옳은 것은?,인사 평가 체계,마케팅 전략 수립,"다양한 데이터 관리체계와 데이터 최적화, 정보보호",예산 승인 프로세스,3,"빅데이터 거버넌스는 다양한 데이터 관리체계, 데이터 최적화, 정보보호 등을 포함한다.",127,concept
508,2,분석 거버넌스,보기 중에서 빅데이터 거버넌스가 기존 데이터 거버넌스 체계에 추가로 포함하는 요소로 옳은 것은?,마케팅 전략 수립,인사 평가 체계,예산 승인 프로세스,"다양한 데이터 관리체계와 데이터 최적화, 정보보호",4,"빅데이터 거버넌스는 다양한 데이터 관리체계, 데이터 최적화, 정보보호 등을 포함한다.",127,concept
509,2,분석 준비도·성숙도,데이터 분석 준비도(Readiness) 진단 영역에 해당하지 않는 것은?,분석 업무 파악,인력 및 조직,분석 기법,국가 정책,4,"분석 준비도는 분석업무, 인력·조직, 분석기법, 분석데이터, 분석문화, IT인프라 영역으로 진단한다.",128,concept
510,2,분석 준비도·성숙도,데이터 분석 준비도(Readiness) 진단 영역에 해당하지 않는 것은?,인력 및 조직,분석 기법,국가 정책,분석 업무 파악,3,"분석 준비도는 분석업무, 인력·조직, 분석기법, 분석데이터, 분석문화, IT인프라 영역으로 진단한다.",128,concept
511,2,분석 준비도·성숙도,다음 중 데이터 분석 준비도(Readiness) 진단 영역에 해당하지 않는 것은?,분석 기법,국가 정책,분석 업무 파악,인력 및 조직,2,"분석 준비도는 분석업무, 인력·조직, 분석기법, 분석데이터, 분석문화, IT인프라 영역으로 진단한다.",128,concept
512,2,분석 준비도·성숙도,보기 중에서 데이터 분석 준비도(Readiness) 진단 영역에 해당하지 않는 것은?,국가 정책,분석 기법,인력 및 조직,분석 업무 파악,1,"분석 준비도는 분석업무, 인력·조직, 분석기법, 분석데이터, 분석문화, IT인프라 영역으로 진단한다.",128,concept
513,2,분석 준비도·성숙도,6가지 분석 구성요소를 모두 갖추어 지속적 확산이 가능한 상태의 분석 성숙도 단계는?,준비형,도입형,정착형,확산형,4,확산형은 6가지 분석 구성요소를 모두 갖추고 지속적으로 확산이 가능한 최고 성숙도 단계이다.,129,concept
514,2,분석 준비도·성숙도,6가지 분석 구성요소를 모두 갖추어 지속적 확산이 가능한 상태의 분석 성숙도 단계는?,도입형,정착형,확산형,준비형,3,확산형은 6가지 분석 구성요소를 모두 갖추고 지속적으로 확산이 가능한 최고 성숙도 단계이다.,129,concept
515,2,분석 준비도·성숙도,다음 중 6가지 분석 구성요소를 모두 갖추어 지속적 확산이 가능한 상태의 분석 성숙도 단계는?,정착형,확산형,준비형,도입형,2,확산형은 6가지 분석 구성요소를 모두 갖추고 지속적으로 확산이 가능한 최고 성숙도 단계이다.,129,concept
516,2,분석 준비도·성숙도,보기 중에서 6가지 분석 구성요소를 모두 갖추어 지속적 확산이 가능한 상태의 분석 성숙도 단계는?,확산형,정착형,도입형,준비형,1,확산형은 6가지 분석 구성요소를 모두 갖추고 지속적으로 확산이 가능한 최고 성숙도 단계이다.,129,concept
517,2,분석 준비도·성숙도,분석업무 및 기법은 부족하지만 조직과 인력 등 준비도는 높은 상황에 해당하는 성숙도 단계는?,준비형,정착형,도입형,확산형,3,도입형은 분석업무·기법은 부족하나 조직·인력의 준비도가 높은 단계이다.,130,concept
518,2,분석 준비도·성숙도,분석업무 및 기법은 부족하지만 조직과 인력 등 준비도는 높은 상황에 해당하는 성숙도 단계는?,정착형,도입형,확산형,준비형,2,도입형은 분석업무·기법은 부족하나 조직·인력의 준비도가 높은 단계이다.,130,concept
519,2,분석 준비도·성숙도,다음 중 분석업무 및 기법은 부족하지만 조직과 인력 등 준비도는 높은 상황에 해당하는 성숙도 단계는?,도입형,확산형,준비형,정착형,1,도입형은 분석업무·기법은 부족하나 조직·인력의 준비도가 높은 단계이다.,130,concept
520,2,분석 준비도·성숙도,보기 중에서 분석업무 및 기법은 부족하지만 조직과 인력 등 준비도는 높은 상황에 해당하는 성숙도 단계는?,확산형,도입형,정착형,준비형,2,도입형은 분석업무·기법은 부족하나 조직·인력의 준비도가 높은 단계이다.,130,concept
521,2,개발방법론 비교,폭포수 모델의 장점으로 옳은 것은?,변경사항 적용이 매우 쉽다.,각 단계가 명확히 정의되어 체계적이고 이해하기 쉽다.,반복과 피드백이 풍부하다.,초기 요구사항이 불명확해도 진행할 수 있다.,2,폭포수 모델은 단계가 명확히 정의되어 체계적이라는 장점이 있다.,131,concept
522,2,개발방법론 비교,폭포수 모델의 장점으로 옳은 것은?,각 단계가 명확히 정의되어 체계적이고 이해하기 쉽다.,반복과 피드백이 풍부하다.,초기 요구사항이 불명확해도 진행할 수 있다.,변경사항 적용이 매우 쉽다.,1,폭포수 모델은 단계가 명확히 정의되어 체계적이라는 장점이 있다.,131,concept
523,2,개발방법론 비교,다음 중 폭포수 모델의 장점으로 옳은 것은?,반복과 피드백이 풍부하다.,초기 요구사항이 불명확해도 진행할 수 있다.,변경사항 적용이 매우 쉽다.,각 단계가 명확히 정의되어 체계적이고 이해하기 쉽다.,4,폭포수 모델은 단계가 명확히 정의되어 체계적이라는 장점이 있다.,131,concept
524,2,개발방법론 비교,보기 중에서 폭포수 모델의 장점으로 옳은 것은?,초기 요구사항이 불명확해도 진행할 수 있다.,반복과 피드백이 풍부하다.,각 단계가 명확히 정의되어 체계적이고 이해하기 쉽다.,변경사항 적용이 매우 쉽다.,3,폭포수 모델은 단계가 명확히 정의되어 체계적이라는 장점이 있다.,131,concept
525,2,개발방법론 비교,나선형 모델의 단점으로 옳은 것은?,단계 변경이 불가능하다.,관리가 복잡하며 반복 관리를 못하면 비용과 일정이 초과될 수 있다.,요구사항이 명확해야만 시작할 수 있다.,위험 관리가 불가능하다.,2,나선형 모델은 반복 관리가 제대로 이루어지지 않으면 비용·일정이 초과될 위험이 있다.,132,concept
526,2,개발방법론 비교,나선형 모델의 단점으로 옳은 것은?,관리가 복잡하며 반복 관리를 못하면 비용과 일정이 초과될 수 있다.,요구사항이 명확해야만 시작할 수 있다.,위험 관리가 불가능하다.,단계 변경이 불가능하다.,1,나선형 모델은 반복 관리가 제대로 이루어지지 않으면 비용·일정이 초과될 위험이 있다.,132,concept
527,2,개발방법론 비교,다음 중 나선형 모델의 단점으로 옳은 것은?,요구사항이 명확해야만 시작할 수 있다.,위험 관리가 불가능하다.,단계 변경이 불가능하다.,관리가 복잡하며 반복 관리를 못하면 비용과 일정이 초과될 수 있다.,4,나선형 모델은 반복 관리가 제대로 이루어지지 않으면 비용·일정이 초과될 위험이 있다.,132,concept
528,2,개발방법론 비교,보기 중에서 나선형 모델의 단점으로 옳은 것은?,위험 관리가 불가능하다.,요구사항이 명확해야만 시작할 수 있다.,관리가 복잡하며 반복 관리를 못하면 비용과 일정이 초과될 수 있다.,단계 변경이 불가능하다.,3,나선형 모델은 반복 관리가 제대로 이루어지지 않으면 비용·일정이 초과될 위험이 있다.,132,concept
529,2,분석프로젝트 관리,분석 프로젝트 관리 시 고려해야 할 일반적인 프로젝트 관리 영역이 아닌 것은?,"시간, 범위, 품질","통합, 이해관계자, 자원","원가, 리스크, 조달","제품 디자인, 브랜딩",4,분석 프로젝트 관리는 시간·범위·품질·통합·이해관계자·자원·원가·리스크·조달·의사소통 영역을 다룬다.,133,concept
530,2,분석프로젝트 관리,분석 프로젝트 관리 시 고려해야 할 일반적인 프로젝트 관리 영역이 아닌 것은?,"통합, 이해관계자, 자원","원가, 리스크, 조달","제품 디자인, 브랜딩","시간, 범위, 품질",3,분석 프로젝트 관리는 시간·범위·품질·통합·이해관계자·자원·원가·리스크·조달·의사소통 영역을 다룬다.,133,concept
531,2,분석프로젝트 관리,다음 중 분석 프로젝트 관리 시 고려해야 할 일반적인 프로젝트 관리 영역이 아닌 것은?,"원가, 리스크, 조달","제품 디자인, 브랜딩","시간, 범위, 품질","통합, 이해관계자, 자원",2,분석 프로젝트 관리는 시간·범위·품질·통합·이해관계자·자원·원가·리스크·조달·의사소통 영역을 다룬다.,133,concept
532,2,분석프로젝트 관리,보기 중에서 분석 프로젝트 관리 시 고려해야 할 일반적인 프로젝트 관리 영역이 아닌 것은?,"제품 디자인, 브랜딩","원가, 리스크, 조달","통합, 이해관계자, 자원","시간, 범위, 품질",1,분석 프로젝트 관리는 시간·범위·품질·통합·이해관계자·자원·원가·리스크·조달·의사소통 영역을 다룬다.,133,concept
533,2,분석 마스터플랜,분석 마스터플랜 수립 절차로 옳은 것은?,과제 우선순위 결정 → 과제 도출 → 로드맵 수립,데이터 분석 과제 도출 → 과제 우선순위 결정 → 로드맵 수립,로드맵 수립 → 과제 도출 → 우선순위 결정,과제 도출 → 로드맵 수립 → 우선순위 결정,2,분석 마스터플랜은 과제 도출 → 우선순위 결정 → 구현 로드맵 수립 순으로 진행된다.,134,concept
534,2,분석 마스터플랜,분석 마스터플랜 수립 절차로 옳은 것은?,데이터 분석 과제 도출 → 과제 우선순위 결정 → 로드맵 수립,로드맵 수립 → 과제 도출 → 우선순위 결정,과제 도출 → 로드맵 수립 → 우선순위 결정,과제 우선순위 결정 → 과제 도출 → 로드맵 수립,1,분석 마스터플랜은 과제 도출 → 우선순위 결정 → 구현 로드맵 수립 순으로 진행된다.,134,concept
535,2,분석 마스터플랜,다음 중 분석 마스터플랜 수립 절차로 옳은 것은?,로드맵 수립 → 과제 도출 → 우선순위 결정,과제 도출 → 로드맵 수립 → 우선순위 결정,과제 우선순위 결정 → 과제 도출 → 로드맵 수립,데이터 분석 과제 도출 → 과제 우선순위 결정 → 로드맵 수립,4,분석 마스터플랜은 과제 도출 → 우선순위 결정 → 구현 로드맵 수립 순으로 진행된다.,134,concept
536,2,분석 마스터플랜,보기 중에서 분석 마스터플랜 수립 절차로 옳은 것은?,과제 도출 → 로드맵 수립 → 우선순위 결정,로드맵 수립 → 과제 도출 → 우선순위 결정,데이터 분석 과제 도출 → 과제 우선순위 결정 → 로드맵 수립,과제 우선순위 결정 → 과제 도출 → 로드맵 수립,3,분석 마스터플랜은 과제 도출 → 우선순위 결정 → 구현 로드맵 수립 순으로 진행된다.,134,concept
537,3,대표값,"데이터를 모두 더해서 개수로 나눈 값으로, 이상값에 약한 대표값은?",중앙값(Median),평균(Mean),최빈값(Mode),표준편차,2,평균은 가장 흔히 쓰이는 대표값이지만 극단값(이상값)에 취약하다.,135,concept
538,3,대표값,"데이터를 모두 더해서 개수로 나눈 값으로, 이상값에 약한 대표값은?",평균(Mean),최빈값(Mode),표준편차,중앙값(Median),1,평균은 가장 흔히 쓰이는 대표값이지만 극단값(이상값)에 취약하다.,135,concept
539,3,대표값,"다음 중 데이터를 모두 더해서 개수로 나눈 값으로, 이상값에 약한 대표값은?",최빈값(Mode),표준편차,중앙값(Median),평균(Mean),4,평균은 가장 흔히 쓰이는 대표값이지만 극단값(이상값)에 취약하다.,135,concept
540,3,대표값,"보기 중에서 데이터를 모두 더해서 개수로 나눈 값으로, 이상값에 약한 대표값은?",표준편차,최빈값(Mode),평균(Mean),중앙값(Median),3,평균은 가장 흔히 쓰이는 대표값이지만 극단값(이상값)에 취약하다.,135,concept
541,3,대표값,"크기순으로 정렬했을 때 정확히 가운데 위치하는 값으로, 이상값에 강한(robust) 대표값은?",평균,중앙값(Median),최빈값,분산,2,중앙값은 이상값에 강해 소득처럼 한쪽으로 쏠린 데이터에 적합하다.,136,concept
542,3,대표값,"크기순으로 정렬했을 때 정확히 가운데 위치하는 값으로, 이상값에 강한(robust) 대표값은?",중앙값(Median),최빈값,분산,평균,1,중앙값은 이상값에 강해 소득처럼 한쪽으로 쏠린 데이터에 적합하다.,136,concept
543,3,대표값,"다음 중 크기순으로 정렬했을 때 정확히 가운데 위치하는 값으로, 이상값에 강한(robust) 대표값은?",최빈값,분산,평균,중앙값(Median),4,중앙값은 이상값에 강해 소득처럼 한쪽으로 쏠린 데이터에 적합하다.,136,concept
544,3,대표값,"보기 중에서 크기순으로 정렬했을 때 정확히 가운데 위치하는 값으로, 이상값에 강한(robust) 대표값은?",분산,최빈값,중앙값(Median),평균,3,중앙값은 이상값에 강해 소득처럼 한쪽으로 쏠린 데이터에 적합하다.,136,concept
545,3,대표값,범주형 데이터(예: 선호 색상)에도 사용할 수 있는 유일한 대표값은?,평균,중앙값,최빈값(Mode),표준편차,3,"최빈값은 가장 자주 나온 값으로, 범주형 데이터에도 적용 가능한 대표값이다.",137,concept
546,3,대표값,범주형 데이터(예: 선호 색상)에도 사용할 수 있는 유일한 대표값은?,중앙값,최빈값(Mode),표준편차,평균,2,"최빈값은 가장 자주 나온 값으로, 범주형 데이터에도 적용 가능한 대표값이다.",137,concept
547,3,대표값,다음 중 범주형 데이터(예: 선호 색상)에도 사용할 수 있는 유일한 대표값은?,최빈값(Mode),표준편차,평균,중앙값,1,"최빈값은 가장 자주 나온 값으로, 범주형 데이터에도 적용 가능한 대표값이다.",137,concept
548,3,대표값,보기 중에서 범주형 데이터(예: 선호 색상)에도 사용할 수 있는 유일한 대표값은?,표준편차,최빈값(Mode),중앙값,평균,2,"최빈값은 가장 자주 나온 값으로, 범주형 데이터에도 적용 가능한 대표값이다.",137,concept
549,3,산포도,"각 값에서 평균을 뺀 값을 제곱하여 평균낸 것으로, 단위가 제곱이 되어 직관적이지 않은 산포도는?",표준편차,분산(Variance),범위,변동계수,2,분산은 편차를 제곱해 평균낸 값으로 단위가 제곱이 되어 직관성이 떨어진다.,138,concept
550,3,산포도,"각 값에서 평균을 뺀 값을 제곱하여 평균낸 것으로, 단위가 제곱이 되어 직관적이지 않은 산포도는?",분산(Variance),범위,변동계수,표준편차,1,분산은 편차를 제곱해 평균낸 값으로 단위가 제곱이 되어 직관성이 떨어진다.,138,concept
551,3,산포도,"다음 중 각 값에서 평균을 뺀 값을 제곱하여 평균낸 것으로, 단위가 제곱이 되어 직관적이지 않은 산포도는?",범위,변동계수,표준편차,분산(Variance),4,분산은 편차를 제곱해 평균낸 값으로 단위가 제곱이 되어 직관성이 떨어진다.,138,concept
552,3,산포도,"보기 중에서 각 값에서 평균을 뺀 값을 제곱하여 평균낸 것으로, 단위가 제곱이 되어 직관적이지 않은 산포도는?",변동계수,범위,분산(Variance),표준편차,3,분산은 편차를 제곱해 평균낸 값으로 단위가 제곱이 되어 직관성이 떨어진다.,138,concept
553,3,산포도,"분산의 제곱근으로, 단위를 원래대로 되돌려 실무에서 실제로 보는 산포도 지표는?",분산,표준편차(SD),사분위범위,변동계수,2,표준편차는 분산의 제곱근으로 원래 단위로 해석 가능한 산포도 지표이다.,139,concept
554,3,산포도,"분산의 제곱근으로, 단위를 원래대로 되돌려 실무에서 실제로 보는 산포도 지표는?",표준편차(SD),사분위범위,변동계수,분산,1,표준편차는 분산의 제곱근으로 원래 단위로 해석 가능한 산포도 지표이다.,139,concept
555,3,산포도,"다음 중 분산의 제곱근으로, 단위를 원래대로 되돌려 실무에서 실제로 보는 산포도 지표는?",사분위범위,변동계수,분산,표준편차(SD),4,표준편차는 분산의 제곱근으로 원래 단위로 해석 가능한 산포도 지표이다.,139,concept
556,3,산포도,"보기 중에서 분산의 제곱근으로, 단위를 원래대로 되돌려 실무에서 실제로 보는 산포도 지표는?",변동계수,사분위범위,표준편차(SD),분산,3,표준편차는 분산의 제곱근으로 원래 단위로 해석 가능한 산포도 지표이다.,139,concept
557,3,산포도,"제3사분위수(Q3)에서 제1사분위수(Q1)를 뺀 값으로, 이상값에 강하며 박스플롯의 상자 길이에 해당하는 것은?",범위(Range),사분위범위(IQR),분산,변동계수,2,IQR(사분위범위)은 Q3-Q1로 계산하며 이상값에 강하다.,140,concept
558,3,산포도,"제3사분위수(Q3)에서 제1사분위수(Q1)를 뺀 값으로, 이상값에 강하며 박스플롯의 상자 길이에 해당하는 것은?",사분위범위(IQR),분산,변동계수,범위(Range),1,IQR(사분위범위)은 Q3-Q1로 계산하며 이상값에 강하다.,140,concept
559,3,산포도,"다음 중 제3사분위수(Q3)에서 제1사분위수(Q1)를 뺀 값으로, 이상값에 강하며 박스플롯의 상자 길이에 해당하는 것은?",분산,변동계수,범위(Range),사분위범위(IQR),4,IQR(사분위범위)은 Q3-Q1로 계산하며 이상값에 강하다.,140,concept
560,3,산포도,"보기 중에서 제3사분위수(Q3)에서 제1사분위수(Q1)를 뺀 값으로, 이상값에 강하며 박스플롯의 상자 길이에 해당하는 것은?",변동계수,분산,사분위범위(IQR),범위(Range),3,IQR(사분위범위)은 Q3-Q1로 계산하며 이상값에 강하다.,140,concept
561,3,산포도,"표준편차를 평균으로 나눈 값으로, 단위나 평균이 다른 두 집단의 퍼짐을 비교할 때 사용하는 지표는?",변동계수(CV),IQR,분산,표준오차,1,"변동계수(CV)는 표준편차÷평균으로, 단위가 다른 집단 간 산포를 비교할 때 사용한다.",141,concept
562,3,산포도,"표준편차를 평균으로 나눈 값으로, 단위나 평균이 다른 두 집단의 퍼짐을 비교할 때 사용하는 지표는?",IQR,분산,표준오차,변동계수(CV),4,"변동계수(CV)는 표준편차÷평균으로, 단위가 다른 집단 간 산포를 비교할 때 사용한다.",141,concept
563,3,산포도,"다음 중 표준편차를 평균으로 나눈 값으로, 단위나 평균이 다른 두 집단의 퍼짐을 비교할 때 사용하는 지표는?",분산,표준오차,변동계수(CV),IQR,3,"변동계수(CV)는 표준편차÷평균으로, 단위가 다른 집단 간 산포를 비교할 때 사용한다.",141,concept
564,3,산포도,"보기 중에서 표준편차를 평균으로 나눈 값으로, 단위나 평균이 다른 두 집단의 퍼짐을 비교할 때 사용하는 지표는?",표준오차,분산,IQR,변동계수(CV),4,"변동계수(CV)는 표준편차÷평균으로, 단위가 다른 집단 간 산포를 비교할 때 사용한다.",141,concept
565,3,산포도,표본분산을 구할 때 전체 개수 n이 아니라 n-1로 나누는 이유는?,계산이 더 간단하기 때문,자유도 때문에 n으로 나누면 모분산을 과소추정하기 때문,표본 크기가 항상 짝수이기 때문,평균이 항상 0이 되기 때문,2,"표본평균을 이미 사용해 자유도가 하나 줄어들며, n-1로 나눠야 불편추정량이 된다.",142,concept
566,3,산포도,표본분산을 구할 때 전체 개수 n이 아니라 n-1로 나누는 이유는?,자유도 때문에 n으로 나누면 모분산을 과소추정하기 때문,표본 크기가 항상 짝수이기 때문,평균이 항상 0이 되기 때문,계산이 더 간단하기 때문,1,"표본평균을 이미 사용해 자유도가 하나 줄어들며, n-1로 나눠야 불편추정량이 된다.",142,concept
567,3,산포도,다음 중 표본분산을 구할 때 전체 개수 n이 아니라 n-1로 나누는 이유는?,표본 크기가 항상 짝수이기 때문,평균이 항상 0이 되기 때문,계산이 더 간단하기 때문,자유도 때문에 n으로 나누면 모분산을 과소추정하기 때문,4,"표본평균을 이미 사용해 자유도가 하나 줄어들며, n-1로 나눠야 불편추정량이 된다.",142,concept
568,3,산포도,보기 중에서 표본분산을 구할 때 전체 개수 n이 아니라 n-1로 나누는 이유는?,평균이 항상 0이 되기 때문,표본 크기가 항상 짝수이기 때문,자유도 때문에 n으로 나누면 모분산을 과소추정하기 때문,계산이 더 간단하기 때문,3,"표본평균을 이미 사용해 자유도가 하나 줄어들며, n-1로 나눠야 불편추정량이 된다.",142,concept
569,3,관계측정,"두 변수가 같은 방향으로 함께 변하는 정도를 나타내지만, 단위에 따라 값이 달라져 강도 비교가 어려운 지표는?",상관계수,공분산(Covariance),결정계수,회귀계수,2,공분산은 부호(방향)만 의미가 있고 크기는 단위에 따라 달라져 비교가 어렵다.,143,concept
570,3,관계측정,"두 변수가 같은 방향으로 함께 변하는 정도를 나타내지만, 단위에 따라 값이 달라져 강도 비교가 어려운 지표는?",공분산(Covariance),결정계수,회귀계수,상관계수,1,공분산은 부호(방향)만 의미가 있고 크기는 단위에 따라 달라져 비교가 어렵다.,143,concept
571,3,관계측정,"다음 중 두 변수가 같은 방향으로 함께 변하는 정도를 나타내지만, 단위에 따라 값이 달라져 강도 비교가 어려운 지표는?",결정계수,회귀계수,상관계수,공분산(Covariance),4,공분산은 부호(방향)만 의미가 있고 크기는 단위에 따라 달라져 비교가 어렵다.,143,concept
572,3,관계측정,"보기 중에서 두 변수가 같은 방향으로 함께 변하는 정도를 나타내지만, 단위에 따라 값이 달라져 강도 비교가 어려운 지표는?",회귀계수,결정계수,공분산(Covariance),상관계수,3,공분산은 부호(방향)만 의미가 있고 크기는 단위에 따라 달라져 비교가 어렵다.,143,concept
573,3,관계측정,"공분산을 각 변수의 표준편차로 나누어 표준화한 값으로, 항상 -1~+1 범위를 갖는 지표는?",공분산,상관계수(r),분산,변동계수,2,상관계수는 공분산을 표준화하여 -1~+1 범위에서 관계의 방향과 강도를 나타낸다.,144,concept
574,3,관계측정,"공분산을 각 변수의 표준편차로 나누어 표준화한 값으로, 항상 -1~+1 범위를 갖는 지표는?",상관계수(r),분산,변동계수,공분산,1,상관계수는 공분산을 표준화하여 -1~+1 범위에서 관계의 방향과 강도를 나타낸다.,144,concept
575,3,관계측정,"다음 중 공분산을 각 변수의 표준편차로 나누어 표준화한 값으로, 항상 -1~+1 범위를 갖는 지표는?",분산,변동계수,공분산,상관계수(r),4,상관계수는 공분산을 표준화하여 -1~+1 범위에서 관계의 방향과 강도를 나타낸다.,144,concept
576,3,관계측정,"보기 중에서 공분산을 각 변수의 표준편차로 나누어 표준화한 값으로, 항상 -1~+1 범위를 갖는 지표는?",변동계수,분산,상관계수(r),공분산,3,상관계수는 공분산을 표준화하여 -1~+1 범위에서 관계의 방향과 강도를 나타낸다.,144,concept
577,3,분포모양,오른쪽 꼬리가 긴 분포에서 성립하는 대소 관계로 옳은 것은?,평균 > 중앙값 > 최빈값 (왜도 > 0),최빈값 > 중앙값 > 평균 (왜도 > 0),평균 = 중앙값 = 최빈값,왜도는 항상 0이다,1,오른쪽 꼬리가 길면(양의 왜도) 평균 > 중앙값 > 최빈값 순이 된다.,145,concept
578,3,분포모양,오른쪽 꼬리가 긴 분포에서 성립하는 대소 관계로 옳은 것은?,최빈값 > 중앙값 > 평균 (왜도 > 0),평균 = 중앙값 = 최빈값,왜도는 항상 0이다,평균 > 중앙값 > 최빈값 (왜도 > 0),4,오른쪽 꼬리가 길면(양의 왜도) 평균 > 중앙값 > 최빈값 순이 된다.,145,concept
579,3,분포모양,다음 중 오른쪽 꼬리가 긴 분포에서 성립하는 대소 관계로 옳은 것은?,평균 = 중앙값 = 최빈값,왜도는 항상 0이다,평균 > 중앙값 > 최빈값 (왜도 > 0),최빈값 > 중앙값 > 평균 (왜도 > 0),3,오른쪽 꼬리가 길면(양의 왜도) 평균 > 중앙값 > 최빈값 순이 된다.,145,concept
580,3,분포모양,보기 중에서 오른쪽 꼬리가 긴 분포에서 성립하는 대소 관계로 옳은 것은?,왜도는 항상 0이다,평균 = 중앙값 = 최빈값,최빈값 > 중앙값 > 평균 (왜도 > 0),평균 > 중앙값 > 최빈값 (왜도 > 0),4,오른쪽 꼬리가 길면(양의 왜도) 평균 > 중앙값 > 최빈값 순이 된다.,145,concept
581,3,분포모양,정규분포보다 뾰족한 정도를 나타내는 통계량은?,왜도(Skewness),첨도(Kurtosis),분산,표준오차,2,첨도는 분포가 얼마나 뾰족한지를 나타내는 통계량이다.,146,concept
582,3,분포모양,정규분포보다 뾰족한 정도를 나타내는 통계량은?,첨도(Kurtosis),분산,표준오차,왜도(Skewness),1,첨도는 분포가 얼마나 뾰족한지를 나타내는 통계량이다.,146,concept
583,3,분포모양,다음 중 정규분포보다 뾰족한 정도를 나타내는 통계량은?,분산,표준오차,왜도(Skewness),첨도(Kurtosis),4,첨도는 분포가 얼마나 뾰족한지를 나타내는 통계량이다.,146,concept
584,3,분포모양,보기 중에서 정규분포보다 뾰족한 정도를 나타내는 통계량은?,표준오차,분산,첨도(Kurtosis),왜도(Skewness),3,첨도는 분포가 얼마나 뾰족한지를 나타내는 통계량이다.,146,concept
585,3,모수·통계량,"모집단의 특성값(μ, σ)으로 보통 알 수 없어 추정의 대상이 되는 것은?",통계량(Statistic),모수(Parameter),표준오차,신뢰구간,2,"모수는 모집단의 특성값으로, 알 수 없어 표본을 통해 추정하는 대상이다.",147,concept
586,3,모수·통계량,"모집단의 특성값(μ, σ)으로 보통 알 수 없어 추정의 대상이 되는 것은?",모수(Parameter),표준오차,신뢰구간,통계량(Statistic),1,"모수는 모집단의 특성값으로, 알 수 없어 표본을 통해 추정하는 대상이다.",147,concept
587,3,모수·통계량,"다음 중 모집단의 특성값(μ, σ)으로 보통 알 수 없어 추정의 대상이 되는 것은?",표준오차,신뢰구간,통계량(Statistic),모수(Parameter),4,"모수는 모집단의 특성값으로, 알 수 없어 표본을 통해 추정하는 대상이다.",147,concept
588,3,모수·통계량,"보기 중에서 모집단의 특성값(μ, σ)으로 보통 알 수 없어 추정의 대상이 되는 것은?",신뢰구간,표준오차,모수(Parameter),통계량(Statistic),3,"모수는 모집단의 특성값으로, 알 수 없어 표본을 통해 추정하는 대상이다.",147,concept
589,3,모수·통계량,"표본평균이 얼마나 흔들리는지를 나타내며, 표본이 클수록 작아지는(SE=σ/√n) 지표는?",표준편차,표준오차(SE),분산,변동계수,2,표준오차는 표본평균이라는 추정값의 퍼짐을 나타내며 표본이 커질수록 작아진다.,148,concept
590,3,모수·통계량,"표본평균이 얼마나 흔들리는지를 나타내며, 표본이 클수록 작아지는(SE=σ/√n) 지표는?",표준오차(SE),분산,변동계수,표준편차,1,표준오차는 표본평균이라는 추정값의 퍼짐을 나타내며 표본이 커질수록 작아진다.,148,concept
591,3,모수·통계량,"다음 중 표본평균이 얼마나 흔들리는지를 나타내며, 표본이 클수록 작아지는(SE=σ/√n) 지표는?",분산,변동계수,표준편차,표준오차(SE),4,표준오차는 표본평균이라는 추정값의 퍼짐을 나타내며 표본이 커질수록 작아진다.,148,concept
592,3,모수·통계량,"보기 중에서 표본평균이 얼마나 흔들리는지를 나타내며, 표본이 클수록 작아지는(SE=σ/√n) 지표는?",변동계수,분산,표준오차(SE),표준편차,3,표준오차는 표본평균이라는 추정값의 퍼짐을 나타내며 표본이 커질수록 작아진다.,148,concept
593,3,확률,"A가 일어났을 때 B가 일어날 확률을 나타내며, 나이브베이즈·스팸필터의 뿌리가 되는 개념은?",독립사건,배반사건,조건부확률 P(B|A),결합확률,3,조건부확률은 A가 일어난 조건에서 B가 일어날 확률이다.,149,concept
594,3,확률,"A가 일어났을 때 B가 일어날 확률을 나타내며, 나이브베이즈·스팸필터의 뿌리가 되는 개념은?",배반사건,조건부확률 P(B|A),결합확률,독립사건,2,조건부확률은 A가 일어난 조건에서 B가 일어날 확률이다.,149,concept
595,3,확률,"다음 중 A가 일어났을 때 B가 일어날 확률을 나타내며, 나이브베이즈·스팸필터의 뿌리가 되는 개념은?",조건부확률 P(B|A),결합확률,독립사건,배반사건,1,조건부확률은 A가 일어난 조건에서 B가 일어날 확률이다.,149,concept
596,3,확률,"보기 중에서 A가 일어났을 때 B가 일어날 확률을 나타내며, 나이브베이즈·스팸필터의 뿌리가 되는 개념은?",결합확률,조건부확률 P(B|A),배반사건,독립사건,2,조건부확률은 A가 일어난 조건에서 B가 일어날 확률이다.,149,concept
597,3,확률,두 사건이 동시에 일어날 수 없는 경우(겹치는 부분이 없는 경우)를 의미하는 것은?,독립,배반(Mutually Exclusive),조건부확률,종속,2,배반사건은 두 사건이 동시에 일어날 수 없는 사건이다.,150,concept
598,3,확률,두 사건이 동시에 일어날 수 없는 경우(겹치는 부분이 없는 경우)를 의미하는 것은?,배반(Mutually Exclusive),조건부확률,종속,독립,1,배반사건은 두 사건이 동시에 일어날 수 없는 사건이다.,150,concept
599,3,확률,다음 중 두 사건이 동시에 일어날 수 없는 경우(겹치는 부분이 없는 경우)를 의미하는 것은?,조건부확률,종속,독립,배반(Mutually Exclusive),4,배반사건은 두 사건이 동시에 일어날 수 없는 사건이다.,150,concept
600,3,확률,보기 중에서 두 사건이 동시에 일어날 수 없는 경우(겹치는 부분이 없는 경우)를 의미하는 것은?,종속,조건부확률,배반(Mutually Exclusive),독립,3,배반사건은 두 사건이 동시에 일어날 수 없는 사건이다.,150,concept
601,3,확률분포,동전 던지기처럼 성공/실패를 n번 반복하는 이산 확률분포는?,정규분포,이항분포,t분포,카이제곱분포,2,이항분포는 성공/실패가 반복되는 실험을 표현하는 이산 확률분포이다.,151,concept
602,3,확률분포,동전 던지기처럼 성공/실패를 n번 반복하는 이산 확률분포는?,이항분포,t분포,카이제곱분포,정규분포,1,이항분포는 성공/실패가 반복되는 실험을 표현하는 이산 확률분포이다.,151,concept
603,3,확률분포,다음 중 동전 던지기처럼 성공/실패를 n번 반복하는 이산 확률분포는?,t분포,카이제곱분포,정규분포,이항분포,4,이항분포는 성공/실패가 반복되는 실험을 표현하는 이산 확률분포이다.,151,concept
604,3,확률분포,보기 중에서 동전 던지기처럼 성공/실패를 n번 반복하는 이산 확률분포는?,카이제곱분포,t분포,이항분포,정규분포,3,이항분포는 성공/실패가 반복되는 실험을 표현하는 이산 확률분포이다.,151,concept
605,3,확률분포,표본이 작고 모표준편차를 모를 때 평균 검정에 사용하는 연속 확률분포는?,정규분포,t분포,F분포,이항분포,2,t분포는 표본이 작고 모표준편차를 모를 때 평균 검정에 사용한다.,152,concept
606,3,확률분포,표본이 작고 모표준편차를 모를 때 평균 검정에 사용하는 연속 확률분포는?,t분포,F분포,이항분포,정규분포,1,t분포는 표본이 작고 모표준편차를 모를 때 평균 검정에 사용한다.,152,concept
607,3,확률분포,다음 중 표본이 작고 모표준편차를 모를 때 평균 검정에 사용하는 연속 확률분포는?,F분포,이항분포,정규분포,t분포,4,t분포는 표본이 작고 모표준편차를 모를 때 평균 검정에 사용한다.,152,concept
608,3,확률분포,보기 중에서 표본이 작고 모표준편차를 모를 때 평균 검정에 사용하는 연속 확률분포는?,이항분포,F분포,t분포,정규분포,3,t분포는 표본이 작고 모표준편차를 모를 때 평균 검정에 사용한다.,152,concept
609,3,확률분포,두 집단 이상의 분산을 비교(분산분석 ANOVA)할 때 사용하는 연속 확률분포는?,t분포,카이제곱분포,F분포,포아송분포,3,"F분포는 두 집단 이상의 분산 비교, 즉 분산분석에 사용된다.",153,concept
610,3,확률분포,두 집단 이상의 분산을 비교(분산분석 ANOVA)할 때 사용하는 연속 확률분포는?,카이제곱분포,F분포,포아송분포,t분포,2,"F분포는 두 집단 이상의 분산 비교, 즉 분산분석에 사용된다.",153,concept
611,3,확률분포,다음 중 두 집단 이상의 분산을 비교(분산분석 ANOVA)할 때 사용하는 연속 확률분포는?,F분포,포아송분포,t분포,카이제곱분포,1,"F분포는 두 집단 이상의 분산 비교, 즉 분산분석에 사용된다.",153,concept
612,3,확률분포,보기 중에서 두 집단 이상의 분산을 비교(분산분석 ANOVA)할 때 사용하는 연속 확률분포는?,포아송분포,F분포,카이제곱분포,t분포,2,"F분포는 두 집단 이상의 분산 비교, 즉 분산분석에 사용된다.",153,concept
613,3,확률분포,범주형 자료의 독립성·적합도 검정에 사용하는 연속 확률분포는?,카이제곱분포,t분포,F분포,정규분포,1,카이제곱분포는 범주형 자료의 독립성 및 적합도 검정에 사용된다.,154,concept
614,3,확률분포,범주형 자료의 독립성·적합도 검정에 사용하는 연속 확률분포는?,t분포,F분포,정규분포,카이제곱분포,4,카이제곱분포는 범주형 자료의 독립성 및 적합도 검정에 사용된다.,154,concept
615,3,확률분포,다음 중 범주형 자료의 독립성·적합도 검정에 사용하는 연속 확률분포는?,F분포,정규분포,카이제곱분포,t분포,3,카이제곱분포는 범주형 자료의 독립성 및 적합도 검정에 사용된다.,154,concept
616,3,확률분포,보기 중에서 범주형 자료의 독립성·적합도 검정에 사용하는 연속 확률분포는?,정규분포,F분포,t분포,카이제곱분포,4,카이제곱분포는 범주형 자료의 독립성 및 적합도 검정에 사용된다.,154,concept
617,3,중심극한정리,원래 분포가 무엇이든 표본 크기가 커지면 표본평균의 분포가 정규분포에 가까워진다는 정리는?,대수의 법칙,중심극한정리(CLT),베이즈 정리,큰 수의 법칙,2,중심극한정리는 표본을 크게 하면 표본평균의 분포가 정규분포에 가까워진다는 정리이다.,155,concept
618,3,중심극한정리,원래 분포가 무엇이든 표본 크기가 커지면 표본평균의 분포가 정규분포에 가까워진다는 정리는?,중심극한정리(CLT),베이즈 정리,큰 수의 법칙,대수의 법칙,1,중심극한정리는 표본을 크게 하면 표본평균의 분포가 정규분포에 가까워진다는 정리이다.,155,concept
619,3,중심극한정리,다음 중 원래 분포가 무엇이든 표본 크기가 커지면 표본평균의 분포가 정규분포에 가까워진다는 정리는?,베이즈 정리,큰 수의 법칙,대수의 법칙,중심극한정리(CLT),4,중심극한정리는 표본을 크게 하면 표본평균의 분포가 정규분포에 가까워진다는 정리이다.,155,concept
620,3,중심극한정리,보기 중에서 원래 분포가 무엇이든 표본 크기가 커지면 표본평균의 분포가 정규분포에 가까워진다는 정리는?,큰 수의 법칙,베이즈 정리,중심극한정리(CLT),대수의 법칙,3,중심극한정리는 표본을 크게 하면 표본평균의 분포가 정규분포에 가까워진다는 정리이다.,155,concept
621,3,분석의 4단계,'지난달 매출을 요약한다'처럼 과거에 무슨 일이 일어났는지 답하는 분석 단계는?,진단 분석,기술 분석(Descriptive),예측 분석,처방 분석,2,기술 분석은 과거에 무슨 일이 일어났는지를 답하는 가장 기초적인 분석 단계이다.,156,concept
622,3,분석의 4단계,'지난달 매출을 요약한다'처럼 과거에 무슨 일이 일어났는지 답하는 분석 단계는?,기술 분석(Descriptive),예측 분석,처방 분석,진단 분석,1,기술 분석은 과거에 무슨 일이 일어났는지를 답하는 가장 기초적인 분석 단계이다.,156,concept
623,3,분석의 4단계,다음 중 '지난달 매출을 요약한다'처럼 과거에 무슨 일이 일어났는지 답하는 분석 단계는?,예측 분석,처방 분석,진단 분석,기술 분석(Descriptive),4,기술 분석은 과거에 무슨 일이 일어났는지를 답하는 가장 기초적인 분석 단계이다.,156,concept
624,3,분석의 4단계,보기 중에서 '지난달 매출을 요약한다'처럼 과거에 무슨 일이 일어났는지 답하는 분석 단계는?,처방 분석,예측 분석,기술 분석(Descriptive),진단 분석,3,기술 분석은 과거에 무슨 일이 일어났는지를 답하는 가장 기초적인 분석 단계이다.,156,concept
625,3,분석의 4단계,'매출 하락의 원인'처럼 왜 일어났는지를 답하는 분석 단계는?,기술 분석,진단 분석(Diagnostic),예측 분석,처방 분석,2,진단 분석은 특정 현상이 왜 일어났는지 원인을 답하는 단계이다.,157,concept
626,3,분석의 4단계,'매출 하락의 원인'처럼 왜 일어났는지를 답하는 분석 단계는?,진단 분석(Diagnostic),예측 분석,처방 분석,기술 분석,1,진단 분석은 특정 현상이 왜 일어났는지 원인을 답하는 단계이다.,157,concept
627,3,분석의 4단계,다음 중 '매출 하락의 원인'처럼 왜 일어났는지를 답하는 분석 단계는?,예측 분석,처방 분석,기술 분석,진단 분석(Diagnostic),4,진단 분석은 특정 현상이 왜 일어났는지 원인을 답하는 단계이다.,157,concept
628,3,분석의 4단계,보기 중에서 '매출 하락의 원인'처럼 왜 일어났는지를 답하는 분석 단계는?,처방 분석,예측 분석,진단 분석(Diagnostic),기술 분석,3,진단 분석은 특정 현상이 왜 일어났는지 원인을 답하는 단계이다.,157,concept
629,3,분석의 4단계,'최적 재고량 제안'처럼 무엇을 해야 하는지 답하며 가장 높은 성숙도를 요구하는 분석 단계는?,기술 분석,진단 분석,예측 분석,처방 분석(Prescriptive),4,처방 분석은 '그래서 무엇을 해야 하는가'에 답하는 가장 성숙도 높은 분석 단계이다.,158,concept
630,3,분석의 4단계,'최적 재고량 제안'처럼 무엇을 해야 하는지 답하며 가장 높은 성숙도를 요구하는 분석 단계는?,진단 분석,예측 분석,처방 분석(Prescriptive),기술 분석,3,처방 분석은 '그래서 무엇을 해야 하는가'에 답하는 가장 성숙도 높은 분석 단계이다.,158,concept
631,3,분석의 4단계,다음 중 '최적 재고량 제안'처럼 무엇을 해야 하는지 답하며 가장 높은 성숙도를 요구하는 분석 단계는?,예측 분석,처방 분석(Prescriptive),기술 분석,진단 분석,2,처방 분석은 '그래서 무엇을 해야 하는가'에 답하는 가장 성숙도 높은 분석 단계이다.,158,concept
632,3,분석의 4단계,보기 중에서 '최적 재고량 제안'처럼 무엇을 해야 하는지 답하며 가장 높은 성숙도를 요구하는 분석 단계는?,처방 분석(Prescriptive),예측 분석,진단 분석,기술 분석,1,처방 분석은 '그래서 무엇을 해야 하는가'에 답하는 가장 성숙도 높은 분석 단계이다.,158,concept
633,3,R 자료구조,R의 자료구조 중 같은 타입의 데이터를 1차원으로 묶은 가장 기본적인 구조는?,벡터(Vector),행렬(Matrix),데이터프레임,리스트,1,벡터는 같은 타입의 데이터를 1차원으로 묶은 가장 기본적인 R 자료구조이다.,159,concept
634,3,R 자료구조,R의 자료구조 중 같은 타입의 데이터를 1차원으로 묶은 가장 기본적인 구조는?,행렬(Matrix),데이터프레임,리스트,벡터(Vector),4,벡터는 같은 타입의 데이터를 1차원으로 묶은 가장 기본적인 R 자료구조이다.,159,concept
635,3,R 자료구조,다음 중 R의 자료구조 중 같은 타입의 데이터를 1차원으로 묶은 가장 기본적인 구조는?,데이터프레임,리스트,벡터(Vector),행렬(Matrix),3,벡터는 같은 타입의 데이터를 1차원으로 묶은 가장 기본적인 R 자료구조이다.,159,concept
636,3,R 자료구조,보기 중에서 R의 자료구조 중 같은 타입의 데이터를 1차원으로 묶은 가장 기본적인 구조는?,리스트,데이터프레임,행렬(Matrix),벡터(Vector),4,벡터는 같은 타입의 데이터를 1차원으로 묶은 가장 기본적인 R 자료구조이다.,159,concept
637,3,R 자료구조,"R의 자료구조 중 열마다 서로 다른 타입을 허용하는 2차원 구조로, 실무의 '표'에 해당하는 것은?",행렬(Matrix),배열(Array),데이터프레임(Data Frame),벡터,3,데이터프레임은 열마다 다른 타입을 허용하는 2차원 구조로 엑셀 시트와 유사하다.,160,concept
638,3,R 자료구조,"R의 자료구조 중 열마다 서로 다른 타입을 허용하는 2차원 구조로, 실무의 '표'에 해당하는 것은?",배열(Array),데이터프레임(Data Frame),벡터,행렬(Matrix),2,데이터프레임은 열마다 다른 타입을 허용하는 2차원 구조로 엑셀 시트와 유사하다.,160,concept
639,3,R 자료구조,"다음 중 R의 자료구조 중 열마다 서로 다른 타입을 허용하는 2차원 구조로, 실무의 '표'에 해당하는 것은?",데이터프레임(Data Frame),벡터,행렬(Matrix),배열(Array),1,데이터프레임은 열마다 다른 타입을 허용하는 2차원 구조로 엑셀 시트와 유사하다.,160,concept
640,3,R 자료구조,"보기 중에서 R의 자료구조 중 열마다 서로 다른 타입을 허용하는 2차원 구조로, 실무의 '표'에 해당하는 것은?",벡터,데이터프레임(Data Frame),배열(Array),행렬(Matrix),2,데이터프레임은 열마다 다른 타입을 허용하는 2차원 구조로 엑셀 시트와 유사하다.,160,concept
641,3,R 자료구조,R의 자료구조 중 서로 다른 타입의 객체를 하나의 봉투에 담을 수 있는 만능 구조는?,벡터,리스트(List),행렬,배열,2,리스트는 서로 다른 타입의 객체를 함께 담을 수 있는 만능 자료구조이다.,161,concept
642,3,R 자료구조,R의 자료구조 중 서로 다른 타입의 객체를 하나의 봉투에 담을 수 있는 만능 구조는?,리스트(List),행렬,배열,벡터,1,리스트는 서로 다른 타입의 객체를 함께 담을 수 있는 만능 자료구조이다.,161,concept
643,3,R 자료구조,다음 중 R의 자료구조 중 서로 다른 타입의 객체를 하나의 봉투에 담을 수 있는 만능 구조는?,행렬,배열,벡터,리스트(List),4,리스트는 서로 다른 타입의 객체를 함께 담을 수 있는 만능 자료구조이다.,161,concept
644,3,R 자료구조,보기 중에서 R의 자료구조 중 서로 다른 타입의 객체를 하나의 봉투에 담을 수 있는 만능 구조는?,배열,행렬,리스트(List),벡터,3,리스트는 서로 다른 타입의 객체를 함께 담을 수 있는 만능 자료구조이다.,161,concept
645,3,데이터 전처리,결측값이 있는 행을 통째로 삭제하는 결측값 처리 방법은?,평균 대치법,완전분석법(리스트와이즈 삭제),다중 대치법,단순확률 대치법,2,완전분석법은 결측값이 있는 행을 삭제하는 가장 단순한 방법으로 데이터 손실이 발생한다.,162,concept
646,3,데이터 전처리,결측값이 있는 행을 통째로 삭제하는 결측값 처리 방법은?,완전분석법(리스트와이즈 삭제),다중 대치법,단순확률 대치법,평균 대치법,1,완전분석법은 결측값이 있는 행을 삭제하는 가장 단순한 방법으로 데이터 손실이 발생한다.,162,concept
647,3,데이터 전처리,다음 중 결측값이 있는 행을 통째로 삭제하는 결측값 처리 방법은?,다중 대치법,단순확률 대치법,평균 대치법,완전분석법(리스트와이즈 삭제),4,완전분석법은 결측값이 있는 행을 삭제하는 가장 단순한 방법으로 데이터 손실이 발생한다.,162,concept
648,3,데이터 전처리,보기 중에서 결측값이 있는 행을 통째로 삭제하는 결측값 처리 방법은?,단순확률 대치법,다중 대치법,완전분석법(리스트와이즈 삭제),평균 대치법,3,완전분석법은 결측값이 있는 행을 삭제하는 가장 단순한 방법으로 데이터 손실이 발생한다.,162,concept
649,3,데이터 전처리,결측치를 평균이나 중앙값으로 채우는 방법의 단점으로 옳은 것은?,계산이 매우 복잡하다.,변수 간 상관관계를 무시하고 분산을 과소평가한다.,결측치가 늘어난다.,항상 데이터를 손실시킨다.,2,평균 대치법은 변수 간 상관관계를 무시하고 분산을 과소평가하는 단점이 있다.,163,concept
650,3,데이터 전처리,결측치를 평균이나 중앙값으로 채우는 방법의 단점으로 옳은 것은?,변수 간 상관관계를 무시하고 분산을 과소평가한다.,결측치가 늘어난다.,항상 데이터를 손실시킨다.,계산이 매우 복잡하다.,1,평균 대치법은 변수 간 상관관계를 무시하고 분산을 과소평가하는 단점이 있다.,163,concept
651,3,데이터 전처리,다음 중 결측치를 평균이나 중앙값으로 채우는 방법의 단점으로 옳은 것은?,결측치가 늘어난다.,항상 데이터를 손실시킨다.,계산이 매우 복잡하다.,변수 간 상관관계를 무시하고 분산을 과소평가한다.,4,평균 대치법은 변수 간 상관관계를 무시하고 분산을 과소평가하는 단점이 있다.,163,concept
652,3,데이터 전처리,보기 중에서 결측치를 평균이나 중앙값으로 채우는 방법의 단점으로 옳은 것은?,항상 데이터를 손실시킨다.,결측치가 늘어난다.,변수 간 상관관계를 무시하고 분산을 과소평가한다.,계산이 매우 복잡하다.,3,평균 대치법은 변수 간 상관관계를 무시하고 분산을 과소평가하는 단점이 있다.,163,concept
653,3,데이터 전처리,여러 번 대치한 후 결과를 종합하여 결측치의 불확실성까지 반영하는 방법은?,완전분석법,평균 대치법,다중 대치법(Multiple Imputation),핫덱 대치법,3,다중 대치법은 대치-분석-결합의 3단계를 거쳐 불확실성까지 반영하는 방법이다.,164,concept
654,3,데이터 전처리,여러 번 대치한 후 결과를 종합하여 결측치의 불확실성까지 반영하는 방법은?,평균 대치법,다중 대치법(Multiple Imputation),핫덱 대치법,완전분석법,2,다중 대치법은 대치-분석-결합의 3단계를 거쳐 불확실성까지 반영하는 방법이다.,164,concept
655,3,데이터 전처리,다음 중 여러 번 대치한 후 결과를 종합하여 결측치의 불확실성까지 반영하는 방법은?,다중 대치법(Multiple Imputation),핫덱 대치법,완전분석법,평균 대치법,1,다중 대치법은 대치-분석-결합의 3단계를 거쳐 불확실성까지 반영하는 방법이다.,164,concept
656,3,데이터 전처리,보기 중에서 여러 번 대치한 후 결과를 종합하여 결측치의 불확실성까지 반영하는 방법은?,핫덱 대치법,다중 대치법(Multiple Imputation),평균 대치법,완전분석법,2,다중 대치법은 대치-분석-결합의 3단계를 거쳐 불확실성까지 반영하는 방법이다.,164,concept
657,3,데이터 전처리,평균으로부터 표준편차의 3배(±3σ)를 넘어가는 값을 이상값으로 판단하는 방법은?,IQR 방법,ESD(Extreme Studentized Deviate),다중 대치법,변동계수,2,ESD는 평균 ± 3표준편차를 벗어나는 값을 이상값으로 판단하는 방법이다.,165,concept
658,3,데이터 전처리,평균으로부터 표준편차의 3배(±3σ)를 넘어가는 값을 이상값으로 판단하는 방법은?,ESD(Extreme Studentized Deviate),다중 대치법,변동계수,IQR 방법,1,ESD는 평균 ± 3표준편차를 벗어나는 값을 이상값으로 판단하는 방법이다.,165,concept
659,3,데이터 전처리,다음 중 평균으로부터 표준편차의 3배(±3σ)를 넘어가는 값을 이상값으로 판단하는 방법은?,다중 대치법,변동계수,IQR 방법,ESD(Extreme Studentized Deviate),4,ESD는 평균 ± 3표준편차를 벗어나는 값을 이상값으로 판단하는 방법이다.,165,concept
660,3,데이터 전처리,보기 중에서 평균으로부터 표준편차의 3배(±3σ)를 넘어가는 값을 이상값으로 판단하는 방법은?,변동계수,다중 대치법,ESD(Extreme Studentized Deviate),IQR 방법,3,ESD는 평균 ± 3표준편차를 벗어나는 값을 이상값으로 판단하는 방법이다.,165,concept
661,3,데이터 전처리,값을 0~1 사이로 압축하는 데이터 스케일링 방법은?,표준화(Z-score),정규화(Min-Max),로그변환,차분,2,정규화(Min-Max)는 값을 0~1 사이로 압축하는 스케일링 방법이다.,166,concept
662,3,데이터 전처리,값을 0~1 사이로 압축하는 데이터 스케일링 방법은?,정규화(Min-Max),로그변환,차분,표준화(Z-score),1,정규화(Min-Max)는 값을 0~1 사이로 압축하는 스케일링 방법이다.,166,concept
663,3,데이터 전처리,다음 중 값을 0~1 사이로 압축하는 데이터 스케일링 방법은?,로그변환,차분,표준화(Z-score),정규화(Min-Max),4,정규화(Min-Max)는 값을 0~1 사이로 압축하는 스케일링 방법이다.,166,concept
664,3,데이터 전처리,보기 중에서 값을 0~1 사이로 압축하는 데이터 스케일링 방법은?,차분,로그변환,정규화(Min-Max),표준화(Z-score),3,정규화(Min-Max)는 값을 0~1 사이로 압축하는 스케일링 방법이다.,166,concept
665,3,데이터 전처리,"평균 0, 표준편차 1로 변환하는 데이터 스케일링 방법은?",정규화,표준화(Z-score),로그변환,지수변환,2,"표준화(Z-score)는 (x-평균)/표준편차로 계산해 평균 0, 표준편차 1로 변환한다.",167,concept
666,3,데이터 전처리,"평균 0, 표준편차 1로 변환하는 데이터 스케일링 방법은?",표준화(Z-score),로그변환,지수변환,정규화,1,"표준화(Z-score)는 (x-평균)/표준편차로 계산해 평균 0, 표준편차 1로 변환한다.",167,concept
667,3,데이터 전처리,"다음 중 평균 0, 표준편차 1로 변환하는 데이터 스케일링 방법은?",로그변환,지수변환,정규화,표준화(Z-score),4,"표준화(Z-score)는 (x-평균)/표준편차로 계산해 평균 0, 표준편차 1로 변환한다.",167,concept
668,3,데이터 전처리,"보기 중에서 평균 0, 표준편차 1로 변환하는 데이터 스케일링 방법은?",지수변환,로그변환,표준화(Z-score),정규화,3,"표준화(Z-score)는 (x-평균)/표준편차로 계산해 평균 0, 표준편차 1로 변환한다.",167,concept
669,3,표본추출,모집단을 일정 간격(K번째)마다 추출하는 표본추출 방법은?,단순랜덤추출,계통추출,층화추출,집락추출,2,계통추출은 일정한 간격으로 표본을 추출하는 방법이다.,168,concept
670,3,표본추출,모집단을 일정 간격(K번째)마다 추출하는 표본추출 방법은?,계통추출,층화추출,집락추출,단순랜덤추출,1,계통추출은 일정한 간격으로 표본을 추출하는 방법이다.,168,concept
671,3,표본추출,다음 중 모집단을 일정 간격(K번째)마다 추출하는 표본추출 방법은?,층화추출,집락추출,단순랜덤추출,계통추출,4,계통추출은 일정한 간격으로 표본을 추출하는 방법이다.,168,concept
672,3,표본추출,보기 중에서 모집단을 일정 간격(K번째)마다 추출하는 표본추출 방법은?,집락추출,층화추출,계통추출,단순랜덤추출,3,계통추출은 일정한 간격으로 표본을 추출하는 방법이다.,168,concept
673,3,표본추출,군집 내부는 이질적이고 군집 간에는 동질적으로 나눈 뒤 일부 군집을 통째로 추출하는 방법은?,층화추출,집락추출(Cluster),계통추출,단순랜덤추출,2,집락추출은 군집 내 이질·군집 간 동질하게 나눈 뒤 몇 개 군집을 통째로 추출한다.,169,concept
674,3,표본추출,군집 내부는 이질적이고 군집 간에는 동질적으로 나눈 뒤 일부 군집을 통째로 추출하는 방법은?,집락추출(Cluster),계통추출,단순랜덤추출,층화추출,1,집락추출은 군집 내 이질·군집 간 동질하게 나눈 뒤 몇 개 군집을 통째로 추출한다.,169,concept
675,3,표본추출,다음 중 군집 내부는 이질적이고 군집 간에는 동질적으로 나눈 뒤 일부 군집을 통째로 추출하는 방법은?,계통추출,단순랜덤추출,층화추출,집락추출(Cluster),4,집락추출은 군집 내 이질·군집 간 동질하게 나눈 뒤 몇 개 군집을 통째로 추출한다.,169,concept
676,3,표본추출,보기 중에서 군집 내부는 이질적이고 군집 간에는 동질적으로 나눈 뒤 일부 군집을 통째로 추출하는 방법은?,단순랜덤추출,계통추출,집락추출(Cluster),층화추출,3,집락추출은 군집 내 이질·군집 간 동질하게 나눈 뒤 몇 개 군집을 통째로 추출한다.,169,concept
677,3,표본추출,군집 내부는 동질적이고 군집 간에는 이질적으로 나눈 뒤 각 층에서 골고루 추출하는 방법은?,층화추출(Stratified),집락추출,계통추출,단순랜덤추출,1,층화추출은 군집 내 동질·군집 간 이질하게 나눈 뒤 각 층에서 추출하는 방법이다.,170,concept
678,3,표본추출,군집 내부는 동질적이고 군집 간에는 이질적으로 나눈 뒤 각 층에서 골고루 추출하는 방법은?,집락추출,계통추출,단순랜덤추출,층화추출(Stratified),4,층화추출은 군집 내 동질·군집 간 이질하게 나눈 뒤 각 층에서 추출하는 방법이다.,170,concept
679,3,표본추출,다음 중 군집 내부는 동질적이고 군집 간에는 이질적으로 나눈 뒤 각 층에서 골고루 추출하는 방법은?,계통추출,단순랜덤추출,층화추출(Stratified),집락추출,3,층화추출은 군집 내 동질·군집 간 이질하게 나눈 뒤 각 층에서 추출하는 방법이다.,170,concept
680,3,표본추출,보기 중에서 군집 내부는 동질적이고 군집 간에는 이질적으로 나눈 뒤 각 층에서 골고루 추출하는 방법은?,단순랜덤추출,계통추출,집락추출,층화추출(Stratified),4,층화추출은 군집 내 동질·군집 간 이질하게 나눈 뒤 각 층에서 추출하는 방법이다.,170,concept
681,3,자료척도,"성별, 혈액형처럼 순서 없이 구분만 가능한 척도는?",순서 척도,명목 척도(Nominal),구간 척도,비율 척도,2,"명목 척도는 순서 없이 범주만 구분하는 척도이다(예: 성별, 혈액형).",171,concept
682,3,자료척도,"성별, 혈액형처럼 순서 없이 구분만 가능한 척도는?",명목 척도(Nominal),구간 척도,비율 척도,순서 척도,1,"명목 척도는 순서 없이 범주만 구분하는 척도이다(예: 성별, 혈액형).",171,concept
683,3,자료척도,"다음 중 성별, 혈액형처럼 순서 없이 구분만 가능한 척도는?",구간 척도,비율 척도,순서 척도,명목 척도(Nominal),4,"명목 척도는 순서 없이 범주만 구분하는 척도이다(예: 성별, 혈액형).",171,concept
684,3,자료척도,"보기 중에서 성별, 혈액형처럼 순서 없이 구분만 가능한 척도는?",비율 척도,구간 척도,명목 척도(Nominal),순서 척도,3,"명목 척도는 순서 없이 범주만 구분하는 척도이다(예: 성별, 혈액형).",171,concept
685,3,자료척도,절대적 기준 0을 가져 비율 비교가 가능한 양적 척도는?,명목 척도,순서 척도,구간 척도,비율 척도(Ratio),4,"비율 척도는 절대영점을 가져 비율 비교가 가능한 척도이다(예: 길이, 무게).",172,concept
686,3,자료척도,절대적 기준 0을 가져 비율 비교가 가능한 양적 척도는?,순서 척도,구간 척도,비율 척도(Ratio),명목 척도,3,"비율 척도는 절대영점을 가져 비율 비교가 가능한 척도이다(예: 길이, 무게).",172,concept
687,3,자료척도,다음 중 절대적 기준 0을 가져 비율 비교가 가능한 양적 척도는?,구간 척도,비율 척도(Ratio),명목 척도,순서 척도,2,"비율 척도는 절대영점을 가져 비율 비교가 가능한 척도이다(예: 길이, 무게).",172,concept
688,3,자료척도,보기 중에서 절대적 기준 0을 가져 비율 비교가 가능한 양적 척도는?,비율 척도(Ratio),구간 척도,순서 척도,명목 척도,1,"비율 척도는 절대영점을 가져 비율 비교가 가능한 척도이다(예: 길이, 무게).",172,concept
689,3,가설검정,귀무가설(H0)이 실제로 참인데 이를 기각하는 오류는?,2종 오류(β),1종 오류(α),표본오차,비표본오차,2,"1종 오류는 참인 귀무가설을 기각하는 오류로, 유의수준 α로 그 허용 한계를 정한다.",173,concept
690,3,가설검정,귀무가설(H0)이 실제로 참인데 이를 기각하는 오류는?,1종 오류(α),표본오차,비표본오차,2종 오류(β),1,"1종 오류는 참인 귀무가설을 기각하는 오류로, 유의수준 α로 그 허용 한계를 정한다.",173,concept
691,3,가설검정,다음 중 귀무가설(H0)이 실제로 참인데 이를 기각하는 오류는?,표본오차,비표본오차,2종 오류(β),1종 오류(α),4,"1종 오류는 참인 귀무가설을 기각하는 오류로, 유의수준 α로 그 허용 한계를 정한다.",173,concept
692,3,가설검정,보기 중에서 귀무가설(H0)이 실제로 참인데 이를 기각하는 오류는?,비표본오차,표본오차,1종 오류(α),2종 오류(β),3,"1종 오류는 참인 귀무가설을 기각하는 오류로, 유의수준 α로 그 허용 한계를 정한다.",173,concept
693,3,가설검정,귀무가설(H0)이 실제로 거짓인데 이를 채택하는 오류는?,1종 오류,2종 오류(β),표본편의,유의수준,2,2종 오류는 거짓인 귀무가설을 채택(기각하지 못함)하는 오류이다.,174,concept
694,3,가설검정,귀무가설(H0)이 실제로 거짓인데 이를 채택하는 오류는?,2종 오류(β),표본편의,유의수준,1종 오류,1,2종 오류는 거짓인 귀무가설을 채택(기각하지 못함)하는 오류이다.,174,concept
695,3,가설검정,다음 중 귀무가설(H0)이 실제로 거짓인데 이를 채택하는 오류는?,표본편의,유의수준,1종 오류,2종 오류(β),4,2종 오류는 거짓인 귀무가설을 채택(기각하지 못함)하는 오류이다.,174,concept
696,3,가설검정,보기 중에서 귀무가설(H0)이 실제로 거짓인데 이를 채택하는 오류는?,유의수준,표본편의,2종 오류(β),1종 오류,3,2종 오류는 거짓인 귀무가설을 채택(기각하지 못함)하는 오류이다.,174,concept
697,3,가설검정,p-value(유의확률)가 유의수준(예: 0.05)보다 작을 때 취하는 결정은?,귀무가설을 채택한다.,귀무가설을 기각한다.,표본을 다시 추출한다.,검정을 중단한다.,2,p-value < 유의수준이면 귀무가설을 기각하고 대립가설을 채택한다.,175,concept
698,3,가설검정,p-value(유의확률)가 유의수준(예: 0.05)보다 작을 때 취하는 결정은?,귀무가설을 기각한다.,표본을 다시 추출한다.,검정을 중단한다.,귀무가설을 채택한다.,1,p-value < 유의수준이면 귀무가설을 기각하고 대립가설을 채택한다.,175,concept
699,3,가설검정,다음 중 p-value(유의확률)가 유의수준(예: 0.05)보다 작을 때 취하는 결정은?,표본을 다시 추출한다.,검정을 중단한다.,귀무가설을 채택한다.,귀무가설을 기각한다.,4,p-value < 유의수준이면 귀무가설을 기각하고 대립가설을 채택한다.,175,concept
700,3,가설검정,보기 중에서 p-value(유의확률)가 유의수준(예: 0.05)보다 작을 때 취하는 결정은?,검정을 중단한다.,표본을 다시 추출한다.,귀무가설을 기각한다.,귀무가설을 채택한다.,3,p-value < 유의수준이면 귀무가설을 기각하고 대립가설을 채택한다.,175,concept
701,3,주요 검정기법,세 집단 이상의 평균 차이를 한 번에 검정하며 F분포를 사용하는 기법은?,t검정,분산분석(ANOVA),카이제곱검정,상관분석,2,ANOVA(분산분석)는 세 집단 이상의 평균 차이를 F분포를 이용해 검정한다.,176,concept
702,3,주요 검정기법,세 집단 이상의 평균 차이를 한 번에 검정하며 F분포를 사용하는 기법은?,분산분석(ANOVA),카이제곱검정,상관분석,t검정,1,ANOVA(분산분석)는 세 집단 이상의 평균 차이를 F분포를 이용해 검정한다.,176,concept
703,3,주요 검정기법,다음 중 세 집단 이상의 평균 차이를 한 번에 검정하며 F분포를 사용하는 기법은?,카이제곱검정,상관분석,t검정,분산분석(ANOVA),4,ANOVA(분산분석)는 세 집단 이상의 평균 차이를 F분포를 이용해 검정한다.,176,concept
704,3,주요 검정기법,보기 중에서 세 집단 이상의 평균 차이를 한 번에 검정하며 F분포를 사용하는 기법은?,상관분석,카이제곱검정,분산분석(ANOVA),t검정,3,ANOVA(분산분석)는 세 집단 이상의 평균 차이를 F분포를 이용해 검정한다.,176,concept
705,3,주요 검정기법,범주형 변수의 독립성이나 적합도를 검정할 때 사용하는 기법은?,t검정,ANOVA,카이제곱검정,회귀분석,3,카이제곱검정은 범주형 변수의 독립성·적합도 검정에 사용한다.,177,concept
706,3,주요 검정기법,범주형 변수의 독립성이나 적합도를 검정할 때 사용하는 기법은?,ANOVA,카이제곱검정,회귀분석,t검정,2,카이제곱검정은 범주형 변수의 독립성·적합도 검정에 사용한다.,177,concept
707,3,주요 검정기법,다음 중 범주형 변수의 독립성이나 적합도를 검정할 때 사용하는 기법은?,카이제곱검정,회귀분석,t검정,ANOVA,1,카이제곱검정은 범주형 변수의 독립성·적합도 검정에 사용한다.,177,concept
708,3,주요 검정기법,보기 중에서 범주형 변수의 독립성이나 적합도를 검정할 때 사용하는 기법은?,회귀분석,카이제곱검정,ANOVA,t검정,2,카이제곱검정은 범주형 변수의 독립성·적합도 검정에 사용한다.,177,concept
709,3,회귀분석,회귀분석의 4대 가정(선·독·등·정)에 해당하지 않는 것은?,선형성,독립성,등분산성,대칭성,4,"회귀분석의 4대 가정은 선형성, 독립성, 등분산성, 정규성이다.",178,concept
710,3,회귀분석,회귀분석의 4대 가정(선·독·등·정)에 해당하지 않는 것은?,독립성,등분산성,대칭성,선형성,3,"회귀분석의 4대 가정은 선형성, 독립성, 등분산성, 정규성이다.",178,concept
711,3,회귀분석,다음 중 회귀분석의 4대 가정(선·독·등·정)에 해당하지 않는 것은?,등분산성,대칭성,선형성,독립성,2,"회귀분석의 4대 가정은 선형성, 독립성, 등분산성, 정규성이다.",178,concept
712,3,회귀분석,보기 중에서 회귀분석의 4대 가정(선·독·등·정)에 해당하지 않는 것은?,대칭성,등분산성,독립성,선형성,1,"회귀분석의 4대 가정은 선형성, 독립성, 등분산성, 정규성이다.",178,concept
713,3,회귀분석,회귀모형이 데이터를 설명하는 비율을 나타내며 0~1 사이 값을 갖는 지표는?,VIF,결정계수(R²),표준오차,잔차,2,결정계수(R²)는 모형의 설명력을 나타내며 클수록 좋다.,179,concept
714,3,회귀분석,회귀모형이 데이터를 설명하는 비율을 나타내며 0~1 사이 값을 갖는 지표는?,결정계수(R²),표준오차,잔차,VIF,1,결정계수(R²)는 모형의 설명력을 나타내며 클수록 좋다.,179,concept
715,3,회귀분석,다음 중 회귀모형이 데이터를 설명하는 비율을 나타내며 0~1 사이 값을 갖는 지표는?,표준오차,잔차,VIF,결정계수(R²),4,결정계수(R²)는 모형의 설명력을 나타내며 클수록 좋다.,179,concept
716,3,회귀분석,보기 중에서 회귀모형이 데이터를 설명하는 비율을 나타내며 0~1 사이 값을 갖는 지표는?,잔차,표준오차,결정계수(R²),VIF,3,결정계수(R²)는 모형의 설명력을 나타내며 클수록 좋다.,179,concept
717,3,회귀분석,"독립변수끼리 강한 상관관계가 있어 회귀모형이 불안정해지는 현상을 진단하는 지표로, 10을 넘으면 의심되는 것은?",R²,VIF(분산팽창계수),잔차,결정계수,2,VIF(분산팽창계수)가 10을 넘으면 다중공선성이 심각한 것으로 본다.,180,concept
718,3,회귀분석,"독립변수끼리 강한 상관관계가 있어 회귀모형이 불안정해지는 현상을 진단하는 지표로, 10을 넘으면 의심되는 것은?",VIF(분산팽창계수),잔차,결정계수,R²,1,VIF(분산팽창계수)가 10을 넘으면 다중공선성이 심각한 것으로 본다.,180,concept
719,3,회귀분석,"다음 중 독립변수끼리 강한 상관관계가 있어 회귀모형이 불안정해지는 현상을 진단하는 지표로, 10을 넘으면 의심되는 것은?",잔차,결정계수,R²,VIF(분산팽창계수),4,VIF(분산팽창계수)가 10을 넘으면 다중공선성이 심각한 것으로 본다.,180,concept
720,3,회귀분석,"보기 중에서 독립변수끼리 강한 상관관계가 있어 회귀모형이 불안정해지는 현상을 진단하는 지표로, 10을 넘으면 의심되는 것은?",결정계수,잔차,VIF(분산팽창계수),R²,3,VIF(분산팽창계수)가 10을 넘으면 다중공선성이 심각한 것으로 본다.,180,concept
721,3,회귀분석,회귀 변수 선택 방법 중 변수를 하나씩 추가해나가는 방법은?,후진선택법,전진선택법(Forward),라쏘회귀,릿지회귀,2,전진선택법은 변수를 하나씩 추가하며 최적의 조합을 찾는 방법이다.,181,concept
722,3,회귀분석,회귀 변수 선택 방법 중 변수를 하나씩 추가해나가는 방법은?,전진선택법(Forward),라쏘회귀,릿지회귀,후진선택법,1,전진선택법은 변수를 하나씩 추가하며 최적의 조합을 찾는 방법이다.,181,concept
723,3,회귀분석,다음 중 회귀 변수 선택 방법 중 변수를 하나씩 추가해나가는 방법은?,라쏘회귀,릿지회귀,후진선택법,전진선택법(Forward),4,전진선택법은 변수를 하나씩 추가하며 최적의 조합을 찾는 방법이다.,181,concept
724,3,회귀분석,보기 중에서 회귀 변수 선택 방법 중 변수를 하나씩 추가해나가는 방법은?,릿지회귀,라쏘회귀,전진선택법(Forward),후진선택법,3,전진선택법은 변수를 하나씩 추가하며 최적의 조합을 찾는 방법이다.,181,concept
725,3,회귀분석,회귀계수를 0으로 만들어 변수 선택 효과까지 갖는 정규화 회귀 기법은?,릿지회귀(L2),라쏘회귀(L1),다항회귀,로지스틱회귀,2,라쏘회귀는 L1 규제를 사용해 일부 계수를 0으로 만들어 변수선택 효과를 낸다.,182,concept
726,3,회귀분석,회귀계수를 0으로 만들어 변수 선택 효과까지 갖는 정규화 회귀 기법은?,라쏘회귀(L1),다항회귀,로지스틱회귀,릿지회귀(L2),1,라쏘회귀는 L1 규제를 사용해 일부 계수를 0으로 만들어 변수선택 효과를 낸다.,182,concept
727,3,회귀분석,다음 중 회귀계수를 0으로 만들어 변수 선택 효과까지 갖는 정규화 회귀 기법은?,다항회귀,로지스틱회귀,릿지회귀(L2),라쏘회귀(L1),4,라쏘회귀는 L1 규제를 사용해 일부 계수를 0으로 만들어 변수선택 효과를 낸다.,182,concept
728,3,회귀분석,보기 중에서 회귀계수를 0으로 만들어 변수 선택 효과까지 갖는 정규화 회귀 기법은?,로지스틱회귀,다항회귀,라쏘회귀(L1),릿지회귀(L2),3,라쏘회귀는 L1 규제를 사용해 일부 계수를 0으로 만들어 변수선택 효과를 낸다.,182,concept
729,3,회귀분석,종속변수가 범주형(예/아니오)일 때 사용하는 회귀 기법은?,다중회귀,다항회귀,로지스틱 회귀,릿지회귀,3,로지스틱 회귀는 종속변수가 범주형(분류)일 때 사용하는 회귀 기법이다.,183,concept
730,3,회귀분석,종속변수가 범주형(예/아니오)일 때 사용하는 회귀 기법은?,다항회귀,로지스틱 회귀,릿지회귀,다중회귀,2,로지스틱 회귀는 종속변수가 범주형(분류)일 때 사용하는 회귀 기법이다.,183,concept
731,3,회귀분석,다음 중 종속변수가 범주형(예/아니오)일 때 사용하는 회귀 기법은?,로지스틱 회귀,릿지회귀,다중회귀,다항회귀,1,로지스틱 회귀는 종속변수가 범주형(분류)일 때 사용하는 회귀 기법이다.,183,concept
732,3,회귀분석,보기 중에서 종속변수가 범주형(예/아니오)일 때 사용하는 회귀 기법은?,릿지회귀,로지스틱 회귀,다항회귀,다중회귀,2,로지스틱 회귀는 종속변수가 범주형(분류)일 때 사용하는 회귀 기법이다.,183,concept
733,3,시계열,시계열의 평균과 분산이 시간에 관계없이 일정한 성질은?,계절성,정상성(Stationarity),추세성,순환성,2,정상성은 시계열의 평균·분산이 모든 시점에서 일정한 성질이다.,184,concept
734,3,시계열,시계열의 평균과 분산이 시간에 관계없이 일정한 성질은?,정상성(Stationarity),추세성,순환성,계절성,1,정상성은 시계열의 평균·분산이 모든 시점에서 일정한 성질이다.,184,concept
735,3,시계열,다음 중 시계열의 평균과 분산이 시간에 관계없이 일정한 성질은?,추세성,순환성,계절성,정상성(Stationarity),4,정상성은 시계열의 평균·분산이 모든 시점에서 일정한 성질이다.,184,concept
736,3,시계열,보기 중에서 시계열의 평균과 분산이 시간에 관계없이 일정한 성질은?,순환성,추세성,정상성(Stationarity),계절성,3,정상성은 시계열의 평균·분산이 모든 시점에서 일정한 성질이다.,184,concept
737,3,시계열,과거 값들의 선형결합으로 현재값을 예측하는 시계열 모형은?,이동평균(MA),자기회귀(AR),ARIMA,지수평활법,2,AR(자기회귀) 모형은 과거 값들의 선형결합으로 현재값을 예측한다.,185,concept
738,3,시계열,과거 값들의 선형결합으로 현재값을 예측하는 시계열 모형은?,자기회귀(AR),ARIMA,지수평활법,이동평균(MA),1,AR(자기회귀) 모형은 과거 값들의 선형결합으로 현재값을 예측한다.,185,concept
739,3,시계열,다음 중 과거 값들의 선형결합으로 현재값을 예측하는 시계열 모형은?,ARIMA,지수평활법,이동평균(MA),자기회귀(AR),4,AR(자기회귀) 모형은 과거 값들의 선형결합으로 현재값을 예측한다.,185,concept
740,3,시계열,보기 중에서 과거 값들의 선형결합으로 현재값을 예측하는 시계열 모형은?,지수평활법,ARIMA,자기회귀(AR),이동평균(MA),3,AR(자기회귀) 모형은 과거 값들의 선형결합으로 현재값을 예측한다.,185,concept
741,3,시계열,AR과 MA 모형에 차분(Integration)을 더해 비정상 시계열을 다루는 모형은?,ARIMA,AR,MA,GARCH,1,ARIMA는 AR과 MA에 차분을 더한 모형으로 비정상성을 해소해 분석한다.,186,concept
742,3,시계열,AR과 MA 모형에 차분(Integration)을 더해 비정상 시계열을 다루는 모형은?,AR,MA,GARCH,ARIMA,4,ARIMA는 AR과 MA에 차분을 더한 모형으로 비정상성을 해소해 분석한다.,186,concept
743,3,시계열,다음 중 AR과 MA 모형에 차분(Integration)을 더해 비정상 시계열을 다루는 모형은?,MA,GARCH,ARIMA,AR,3,ARIMA는 AR과 MA에 차분을 더한 모형으로 비정상성을 해소해 분석한다.,186,concept
744,3,시계열,보기 중에서 AR과 MA 모형에 차분(Integration)을 더해 비정상 시계열을 다루는 모형은?,GARCH,MA,AR,ARIMA,4,ARIMA는 AR과 MA에 차분을 더한 모형으로 비정상성을 해소해 분석한다.,186,concept
745,3,시계열,시계열 분해 요소 중 경제·산업 주기처럼 알려지지 않은 주기를 갖는 요소는?,추세(Trend),계절(Seasonal),순환(Cycle),불규칙(Irregular),3,순환 요소는 경제·산업 주기처럼 알려지지 않은 불규칙한 주기를 갖는다.,187,concept
746,3,시계열,시계열 분해 요소 중 경제·산업 주기처럼 알려지지 않은 주기를 갖는 요소는?,계절(Seasonal),순환(Cycle),불규칙(Irregular),추세(Trend),2,순환 요소는 경제·산업 주기처럼 알려지지 않은 불규칙한 주기를 갖는다.,187,concept
747,3,시계열,다음 중 시계열 분해 요소 중 경제·산업 주기처럼 알려지지 않은 주기를 갖는 요소는?,순환(Cycle),불규칙(Irregular),추세(Trend),계절(Seasonal),1,순환 요소는 경제·산업 주기처럼 알려지지 않은 불규칙한 주기를 갖는다.,187,concept
748,3,시계열,보기 중에서 시계열 분해 요소 중 경제·산업 주기처럼 알려지지 않은 주기를 갖는 요소는?,불규칙(Irregular),순환(Cycle),계절(Seasonal),추세(Trend),2,순환 요소는 경제·산업 주기처럼 알려지지 않은 불규칙한 주기를 갖는다.,187,concept
749,3,차원축소,변수(차원)를 축소하면서 분산을 가장 많이 보존하는 축을 첫 번째 주성분으로 삼는 기법은?,MDS,주성분분석(PCA),인수분해,군집분석,2,PCA는 분산을 가장 많이 설명하는 축을 첫 번째 주성분으로 하는 차원축소 기법이다.,188,concept
750,3,차원축소,변수(차원)를 축소하면서 분산을 가장 많이 보존하는 축을 첫 번째 주성분으로 삼는 기법은?,주성분분석(PCA),인수분해,군집분석,MDS,1,PCA는 분산을 가장 많이 설명하는 축을 첫 번째 주성분으로 하는 차원축소 기법이다.,188,concept
751,3,차원축소,다음 중 변수(차원)를 축소하면서 분산을 가장 많이 보존하는 축을 첫 번째 주성분으로 삼는 기법은?,인수분해,군집분석,MDS,주성분분석(PCA),4,PCA는 분산을 가장 많이 설명하는 축을 첫 번째 주성분으로 하는 차원축소 기법이다.,188,concept
752,3,차원축소,보기 중에서 변수(차원)를 축소하면서 분산을 가장 많이 보존하는 축을 첫 번째 주성분으로 삼는 기법은?,군집분석,인수분해,주성분분석(PCA),MDS,3,PCA는 분산을 가장 많이 설명하는 축을 첫 번째 주성분으로 하는 차원축소 기법이다.,188,concept
753,3,차원축소,"객체 간 거리 정보를 보존하며 저차원 공간에 배치하는 차원축소 기법으로, 스트레스 값이 0에 가까울수록 좋은 것은?",PCA,다차원척도법(MDS),요인분석,군집분석,2,MDS는 거리(유사성) 정보를 보존하여 저차원에 배치하며 스트레스값이 0에 가까울수록 좋다.,189,concept
754,3,차원축소,"객체 간 거리 정보를 보존하며 저차원 공간에 배치하는 차원축소 기법으로, 스트레스 값이 0에 가까울수록 좋은 것은?",다차원척도법(MDS),요인분석,군집분석,PCA,1,MDS는 거리(유사성) 정보를 보존하여 저차원에 배치하며 스트레스값이 0에 가까울수록 좋다.,189,concept
755,3,차원축소,"다음 중 객체 간 거리 정보를 보존하며 저차원 공간에 배치하는 차원축소 기법으로, 스트레스 값이 0에 가까울수록 좋은 것은?",요인분석,군집분석,PCA,다차원척도법(MDS),4,MDS는 거리(유사성) 정보를 보존하여 저차원에 배치하며 스트레스값이 0에 가까울수록 좋다.,189,concept
756,3,차원축소,"보기 중에서 객체 간 거리 정보를 보존하며 저차원 공간에 배치하는 차원축소 기법으로, 스트레스 값이 0에 가까울수록 좋은 것은?",군집분석,요인분석,다차원척도법(MDS),PCA,3,MDS는 거리(유사성) 정보를 보존하여 저차원에 배치하며 스트레스값이 0에 가까울수록 좋다.,189,concept
757,3,데이터마이닝 개요,데이터 마이닝 프로세스 SEMMA의 순서로 옳은 것은?,추출-탐색-수정-모델링-평가,탐색-추출-모델링-수정-평가,추출-모델링-탐색-수정-평가,수정-추출-탐색-모델링-평가,1,SEMMA는 Sample-Explore-Modify-Model-Assess(추출-탐색-수정-모델링-평가) 순이다.,190,concept
758,3,데이터마이닝 개요,데이터 마이닝 프로세스 SEMMA의 순서로 옳은 것은?,탐색-추출-모델링-수정-평가,추출-모델링-탐색-수정-평가,수정-추출-탐색-모델링-평가,추출-탐색-수정-모델링-평가,4,SEMMA는 Sample-Explore-Modify-Model-Assess(추출-탐색-수정-모델링-평가) 순이다.,190,concept
759,3,데이터마이닝 개요,다음 중 데이터 마이닝 프로세스 SEMMA의 순서로 옳은 것은?,추출-모델링-탐색-수정-평가,수정-추출-탐색-모델링-평가,추출-탐색-수정-모델링-평가,탐색-추출-모델링-수정-평가,3,SEMMA는 Sample-Explore-Modify-Model-Assess(추출-탐색-수정-모델링-평가) 순이다.,190,concept
760,3,데이터마이닝 개요,보기 중에서 데이터 마이닝 프로세스 SEMMA의 순서로 옳은 것은?,수정-추출-탐색-모델링-평가,추출-모델링-탐색-수정-평가,탐색-추출-모델링-수정-평가,추출-탐색-수정-모델링-평가,4,SEMMA는 Sample-Explore-Modify-Model-Assess(추출-탐색-수정-모델링-평가) 순이다.,190,concept
761,3,데이터마이닝 개요,정답(라벨)이 있는 데이터로 학습하며 분류·회귀가 대표적인 학습 방식은?,비지도학습,지도학습(Supervised),강화학습,준지도학습,2,지도학습은 정답이 있는 데이터로 분류·예측(회귀) 모델을 학습한다.,191,concept
762,3,데이터마이닝 개요,정답(라벨)이 있는 데이터로 학습하며 분류·회귀가 대표적인 학습 방식은?,지도학습(Supervised),강화학습,준지도학습,비지도학습,1,지도학습은 정답이 있는 데이터로 분류·예측(회귀) 모델을 학습한다.,191,concept
763,3,데이터마이닝 개요,다음 중 정답(라벨)이 있는 데이터로 학습하며 분류·회귀가 대표적인 학습 방식은?,강화학습,준지도학습,비지도학습,지도학습(Supervised),4,지도학습은 정답이 있는 데이터로 분류·예측(회귀) 모델을 학습한다.,191,concept
764,3,데이터마이닝 개요,보기 중에서 정답(라벨)이 있는 데이터로 학습하며 분류·회귀가 대표적인 학습 방식은?,준지도학습,강화학습,지도학습(Supervised),비지도학습,3,지도학습은 정답이 있는 데이터로 분류·예측(회귀) 모델을 학습한다.,191,concept
765,3,데이터마이닝 개요,정답이 없는 데이터에서 패턴을 찾으며 군집·연관분석이 대표적인 학습 방식은?,지도학습,비지도학습(Unsupervised),강화학습,전이학습,2,"비지도학습은 정답 없이 데이터의 구조나 패턴(군집, 연관)을 찾는 학습 방식이다.",192,concept
766,3,데이터마이닝 개요,정답이 없는 데이터에서 패턴을 찾으며 군집·연관분석이 대표적인 학습 방식은?,비지도학습(Unsupervised),강화학습,전이학습,지도학습,1,"비지도학습은 정답 없이 데이터의 구조나 패턴(군집, 연관)을 찾는 학습 방식이다.",192,concept
767,3,데이터마이닝 개요,다음 중 정답이 없는 데이터에서 패턴을 찾으며 군집·연관분석이 대표적인 학습 방식은?,강화학습,전이학습,지도학습,비지도학습(Unsupervised),4,"비지도학습은 정답 없이 데이터의 구조나 패턴(군집, 연관)을 찾는 학습 방식이다.",192,concept
768,3,데이터마이닝 개요,보기 중에서 정답이 없는 데이터에서 패턴을 찾으며 군집·연관분석이 대표적인 학습 방식은?,전이학습,강화학습,비지도학습(Unsupervised),지도학습,3,"비지도학습은 정답 없이 데이터의 구조나 패턴(군집, 연관)을 찾는 학습 방식이다.",192,concept
769,3,분류 알고리즘,베이즈 정리를 이용하며 변수들이 서로 독립이라고 가정하는 분류 기법은?,로지스틱 회귀,나이브 베이즈(Naive Bayes),KNN,SVM,2,나이브 베이즈는 변수 간 독립을 가정하고 베이즈 정리로 분류하는 기법이다.,193,concept
770,3,분류 알고리즘,베이즈 정리를 이용하며 변수들이 서로 독립이라고 가정하는 분류 기법은?,나이브 베이즈(Naive Bayes),KNN,SVM,로지스틱 회귀,1,나이브 베이즈는 변수 간 독립을 가정하고 베이즈 정리로 분류하는 기법이다.,193,concept
771,3,분류 알고리즘,다음 중 베이즈 정리를 이용하며 변수들이 서로 독립이라고 가정하는 분류 기법은?,KNN,SVM,로지스틱 회귀,나이브 베이즈(Naive Bayes),4,나이브 베이즈는 변수 간 독립을 가정하고 베이즈 정리로 분류하는 기법이다.,193,concept
772,3,분류 알고리즘,보기 중에서 베이즈 정리를 이용하며 변수들이 서로 독립이라고 가정하는 분류 기법은?,SVM,KNN,나이브 베이즈(Naive Bayes),로지스틱 회귀,3,나이브 베이즈는 변수 간 독립을 가정하고 베이즈 정리로 분류하는 기법이다.,193,concept
773,3,분류 알고리즘,새로운 샘플과 가까운 이웃 k개의 다수결로 분류하는 거리 기반 Lazy 모델은?,의사결정나무,KNN,SVM,나이브 베이즈,2,KNN은 가까운 이웃 k개의 다수결로 예측하는 거리 기반 모델이다.,194,concept
774,3,분류 알고리즘,새로운 샘플과 가까운 이웃 k개의 다수결로 분류하는 거리 기반 Lazy 모델은?,KNN,SVM,나이브 베이즈,의사결정나무,1,KNN은 가까운 이웃 k개의 다수결로 예측하는 거리 기반 모델이다.,194,concept
775,3,분류 알고리즘,다음 중 새로운 샘플과 가까운 이웃 k개의 다수결로 분류하는 거리 기반 Lazy 모델은?,SVM,나이브 베이즈,의사결정나무,KNN,4,KNN은 가까운 이웃 k개의 다수결로 예측하는 거리 기반 모델이다.,194,concept
776,3,분류 알고리즘,보기 중에서 새로운 샘플과 가까운 이웃 k개의 다수결로 분류하는 거리 기반 Lazy 모델은?,나이브 베이즈,SVM,KNN,의사결정나무,3,KNN은 가까운 이웃 k개의 다수결로 예측하는 거리 기반 모델이다.,194,concept
777,3,분류 알고리즘,두 집단을 가르는 마진이 최대가 되는 초평면을 찾는 이진분류 기법은?,SVM(서포트벡터머신),KNN,나이브 베이즈,의사결정나무,1,SVM은 마진을 최대화하는 초평면을 찾아 이진분류를 수행한다.,195,concept
778,3,분류 알고리즘,두 집단을 가르는 마진이 최대가 되는 초평면을 찾는 이진분류 기법은?,KNN,나이브 베이즈,의사결정나무,SVM(서포트벡터머신),4,SVM은 마진을 최대화하는 초평면을 찾아 이진분류를 수행한다.,195,concept
779,3,분류 알고리즘,다음 중 두 집단을 가르는 마진이 최대가 되는 초평면을 찾는 이진분류 기법은?,나이브 베이즈,의사결정나무,SVM(서포트벡터머신),KNN,3,SVM은 마진을 최대화하는 초평면을 찾아 이진분류를 수행한다.,195,concept
780,3,분류 알고리즘,보기 중에서 두 집단을 가르는 마진이 최대가 되는 초평면을 찾는 이진분류 기법은?,의사결정나무,나이브 베이즈,KNN,SVM(서포트벡터머신),4,SVM은 마진을 최대화하는 초평면을 찾아 이진분류를 수행한다.,195,concept
781,3,의사결정나무,의사결정나무의 분류 노드 분할 기준에 해당하지 않는 것은?,지니지수,엔트로피,카이제곱 통계량,분산 감소량,4,"분산 감소량은 회귀나무의 분할 기준이며, 분류나무는 지니지수·엔트로피·카이제곱을 사용한다.",196,concept
782,3,의사결정나무,의사결정나무의 분류 노드 분할 기준에 해당하지 않는 것은?,엔트로피,카이제곱 통계량,분산 감소량,지니지수,3,"분산 감소량은 회귀나무의 분할 기준이며, 분류나무는 지니지수·엔트로피·카이제곱을 사용한다.",196,concept
783,3,의사결정나무,다음 중 의사결정나무의 분류 노드 분할 기준에 해당하지 않는 것은?,카이제곱 통계량,분산 감소량,지니지수,엔트로피,2,"분산 감소량은 회귀나무의 분할 기준이며, 분류나무는 지니지수·엔트로피·카이제곱을 사용한다.",196,concept
784,3,의사결정나무,보기 중에서 의사결정나무의 분류 노드 분할 기준에 해당하지 않는 것은?,분산 감소량,카이제곱 통계량,엔트로피,지니지수,1,"분산 감소량은 회귀나무의 분할 기준이며, 분류나무는 지니지수·엔트로피·카이제곱을 사용한다.",196,concept
785,3,의사결정나무,나무가 커져 과적합되는 것을 막기 위해 가지를 잘라내는 작업은?,부스팅,가지치기(Pruning),배깅,정지규칙 해제,2,가지치기는 과적합을 방지하기 위해 나무의 가지를 잘라내는 작업이다.,197,concept
786,3,의사결정나무,나무가 커져 과적합되는 것을 막기 위해 가지를 잘라내는 작업은?,가지치기(Pruning),배깅,정지규칙 해제,부스팅,1,가지치기는 과적합을 방지하기 위해 나무의 가지를 잘라내는 작업이다.,197,concept
787,3,의사결정나무,다음 중 나무가 커져 과적합되는 것을 막기 위해 가지를 잘라내는 작업은?,배깅,정지규칙 해제,부스팅,가지치기(Pruning),4,가지치기는 과적합을 방지하기 위해 나무의 가지를 잘라내는 작업이다.,197,concept
788,3,의사결정나무,보기 중에서 나무가 커져 과적합되는 것을 막기 위해 가지를 잘라내는 작업은?,정지규칙 해제,배깅,가지치기(Pruning),부스팅,3,가지치기는 과적합을 방지하기 위해 나무의 가지를 잘라내는 작업이다.,197,concept
789,3,앙상블,부트스트랩(복원추출)으로 여러 모형을 병렬로 학습해 분산을 감소시키는 앙상블 기법은?,부스팅,배깅(Bagging),스태킹,보팅,2,배깅은 부트스트랩 샘플로 여러 모형을 병렬 학습해 분산을 감소시킨다.,198,concept
790,3,앙상블,부트스트랩(복원추출)으로 여러 모형을 병렬로 학습해 분산을 감소시키는 앙상블 기법은?,배깅(Bagging),스태킹,보팅,부스팅,1,배깅은 부트스트랩 샘플로 여러 모형을 병렬 학습해 분산을 감소시킨다.,198,concept
791,3,앙상블,다음 중 부트스트랩(복원추출)으로 여러 모형을 병렬로 학습해 분산을 감소시키는 앙상블 기법은?,스태킹,보팅,부스팅,배깅(Bagging),4,배깅은 부트스트랩 샘플로 여러 모형을 병렬 학습해 분산을 감소시킨다.,198,concept
792,3,앙상블,보기 중에서 부트스트랩(복원추출)으로 여러 모형을 병렬로 학습해 분산을 감소시키는 앙상블 기법은?,보팅,스태킹,배깅(Bagging),부스팅,3,배깅은 부트스트랩 샘플로 여러 모형을 병렬 학습해 분산을 감소시킨다.,198,concept
793,3,앙상블,이전 모형이 틀린 데이터에 가중치를 부여하며 순차적으로 학습해 편향을 감소시키는 앙상블 기법은?,배깅,부스팅(Boosting),랜덤포레스트,K-fold,2,부스팅은 오분류된 데이터에 가중치를 주며 순차적으로 학습해 편향을 감소시킨다.,199,concept
794,3,앙상블,이전 모형이 틀린 데이터에 가중치를 부여하며 순차적으로 학습해 편향을 감소시키는 앙상블 기법은?,부스팅(Boosting),랜덤포레스트,K-fold,배깅,1,부스팅은 오분류된 데이터에 가중치를 주며 순차적으로 학습해 편향을 감소시킨다.,199,concept
795,3,앙상블,다음 중 이전 모형이 틀린 데이터에 가중치를 부여하며 순차적으로 학습해 편향을 감소시키는 앙상블 기법은?,랜덤포레스트,K-fold,배깅,부스팅(Boosting),4,부스팅은 오분류된 데이터에 가중치를 주며 순차적으로 학습해 편향을 감소시킨다.,199,concept
796,3,앙상블,보기 중에서 이전 모형이 틀린 데이터에 가중치를 부여하며 순차적으로 학습해 편향을 감소시키는 앙상블 기법은?,K-fold,랜덤포레스트,부스팅(Boosting),배깅,3,부스팅은 오분류된 데이터에 가중치를 주며 순차적으로 학습해 편향을 감소시킨다.,199,concept
797,3,앙상블,배깅에 분기마다 변수를 무작위로 선택하는 과정을 추가한 대표적인 앙상블 기법은?,랜덤포레스트(Random Forest),AdaBoost,스태킹,SVM,1,랜덤포레스트는 배깅에 무작위 변수 선택을 더한 대표적인 앙상블 기법이다.,200,concept
798,3,앙상블,배깅에 분기마다 변수를 무작위로 선택하는 과정을 추가한 대표적인 앙상블 기법은?,AdaBoost,스태킹,SVM,랜덤포레스트(Random Forest),4,랜덤포레스트는 배깅에 무작위 변수 선택을 더한 대표적인 앙상블 기법이다.,200,concept
799,3,앙상블,다음 중 배깅에 분기마다 변수를 무작위로 선택하는 과정을 추가한 대표적인 앙상블 기법은?,스태킹,SVM,랜덤포레스트(Random Forest),AdaBoost,3,랜덤포레스트는 배깅에 무작위 변수 선택을 더한 대표적인 앙상블 기법이다.,200,concept
800,3,앙상블,보기 중에서 배깅에 분기마다 변수를 무작위로 선택하는 과정을 추가한 대표적인 앙상블 기법은?,SVM,스태킹,AdaBoost,랜덤포레스트(Random Forest),4,랜덤포레스트는 배깅에 무작위 변수 선택을 더한 대표적인 앙상블 기법이다.,200,concept
801,3,인공신경망,층이 너무 깊어질 때 발생하며 ReLU 활성화 함수로 완화할 수 있는 학습 문제는?,과소적합,기울기 소실(Gradient Vanishing),다중공선성,차원의 저주,2,기울기 소실 문제는 층이 깊어질 때 발생하며 ReLU 활성화 함수로 완화할 수 있다.,201,concept
802,3,인공신경망,층이 너무 깊어질 때 발생하며 ReLU 활성화 함수로 완화할 수 있는 학습 문제는?,기울기 소실(Gradient Vanishing),다중공선성,차원의 저주,과소적합,1,기울기 소실 문제는 층이 깊어질 때 발생하며 ReLU 활성화 함수로 완화할 수 있다.,201,concept
803,3,인공신경망,다음 중 층이 너무 깊어질 때 발생하며 ReLU 활성화 함수로 완화할 수 있는 학습 문제는?,다중공선성,차원의 저주,과소적합,기울기 소실(Gradient Vanishing),4,기울기 소실 문제는 층이 깊어질 때 발생하며 ReLU 활성화 함수로 완화할 수 있다.,201,concept
804,3,인공신경망,보기 중에서 층이 너무 깊어질 때 발생하며 ReLU 활성화 함수로 완화할 수 있는 학습 문제는?,차원의 저주,다중공선성,기울기 소실(Gradient Vanishing),과소적합,3,기울기 소실 문제는 층이 깊어질 때 발생하며 ReLU 활성화 함수로 완화할 수 있다.,201,concept
805,3,인공신경망,오차를 뒤로 전달하여 가중치를 조정하는 인공신경망의 학습 방법은?,순전파,역전파(Backpropagation),경사소실,정규화,2,역전파는 오차를 뒤로 전달해 가중치를 조정하는 신경망 학습 방법이다.,202,concept
806,3,인공신경망,오차를 뒤로 전달하여 가중치를 조정하는 인공신경망의 학습 방법은?,역전파(Backpropagation),경사소실,정규화,순전파,1,역전파는 오차를 뒤로 전달해 가중치를 조정하는 신경망 학습 방법이다.,202,concept
807,3,인공신경망,다음 중 오차를 뒤로 전달하여 가중치를 조정하는 인공신경망의 학습 방법은?,경사소실,정규화,순전파,역전파(Backpropagation),4,역전파는 오차를 뒤로 전달해 가중치를 조정하는 신경망 학습 방법이다.,202,concept
808,3,인공신경망,보기 중에서 오차를 뒤로 전달하여 가중치를 조정하는 인공신경망의 학습 방법은?,정규화,경사소실,역전파(Backpropagation),순전파,3,역전파는 오차를 뒤로 전달해 가중치를 조정하는 신경망 학습 방법이다.,202,concept
809,3,분류 평가지표,양성으로 예측한 것 중 실제로 양성인 비율을 나타내는 지표는?,재현율(Recall),정밀도(Precision),정확도,특이도,2,정밀도는 양성이라고 예측한 것 중 실제 양성의 비율이다.,203,concept
810,3,분류 평가지표,양성으로 예측한 것 중 실제로 양성인 비율을 나타내는 지표는?,정밀도(Precision),정확도,특이도,재현율(Recall),1,정밀도는 양성이라고 예측한 것 중 실제 양성의 비율이다.,203,concept
811,3,분류 평가지표,다음 중 양성으로 예측한 것 중 실제로 양성인 비율을 나타내는 지표는?,정확도,특이도,재현율(Recall),정밀도(Precision),4,정밀도는 양성이라고 예측한 것 중 실제 양성의 비율이다.,203,concept
812,3,분류 평가지표,보기 중에서 양성으로 예측한 것 중 실제로 양성인 비율을 나타내는 지표는?,특이도,정확도,정밀도(Precision),재현율(Recall),3,정밀도는 양성이라고 예측한 것 중 실제 양성의 비율이다.,203,concept
813,3,분류 평가지표,실제 양성 중 모델이 맞춘 비율을 나타내는 지표는?,정밀도,재현율(Recall),F1 점수,AUC,2,재현율은 실제 양성 중 모델이 올바르게 예측한 비율이다.,204,concept
814,3,분류 평가지표,실제 양성 중 모델이 맞춘 비율을 나타내는 지표는?,재현율(Recall),F1 점수,AUC,정밀도,1,재현율은 실제 양성 중 모델이 올바르게 예측한 비율이다.,204,concept
815,3,분류 평가지표,다음 중 실제 양성 중 모델이 맞춘 비율을 나타내는 지표는?,F1 점수,AUC,정밀도,재현율(Recall),4,재현율은 실제 양성 중 모델이 올바르게 예측한 비율이다.,204,concept
816,3,분류 평가지표,보기 중에서 실제 양성 중 모델이 맞춘 비율을 나타내는 지표는?,AUC,F1 점수,재현율(Recall),정밀도,3,재현율은 실제 양성 중 모델이 올바르게 예측한 비율이다.,204,concept
817,3,분류 평가지표,정밀도와 재현율의 조화평균으로 둘의 균형을 나타내는 지표는?,정확도,F1 점수,ROC,향상도,2,F1 점수는 정밀도와 재현율의 조화평균으로 둘의 균형을 평가한다.,205,concept
818,3,분류 평가지표,정밀도와 재현율의 조화평균으로 둘의 균형을 나타내는 지표는?,F1 점수,ROC,향상도,정확도,1,F1 점수는 정밀도와 재현율의 조화평균으로 둘의 균형을 평가한다.,205,concept
819,3,분류 평가지표,다음 중 정밀도와 재현율의 조화평균으로 둘의 균형을 나타내는 지표는?,ROC,향상도,정확도,F1 점수,4,F1 점수는 정밀도와 재현율의 조화평균으로 둘의 균형을 평가한다.,205,concept
820,3,분류 평가지표,보기 중에서 정밀도와 재현율의 조화평균으로 둘의 균형을 나타내는 지표는?,향상도,ROC,F1 점수,정확도,3,F1 점수는 정밀도와 재현율의 조화평균으로 둘의 균형을 평가한다.,205,concept
821,3,군집분석,덴드로그램을 이용해 가까운 것부터 묶어나가며 최단·최장·평균·와드 등의 연결법을 사용하는 군집 방식은?,K-means,계층적 군집,DBSCAN,퍼지 군집화,2,계층적 군집은 덴드로그램으로 가까운 것부터 묶어나가는 방식이다.,206,concept
822,3,군집분석,덴드로그램을 이용해 가까운 것부터 묶어나가며 최단·최장·평균·와드 등의 연결법을 사용하는 군집 방식은?,계층적 군집,DBSCAN,퍼지 군집화,K-means,1,계층적 군집은 덴드로그램으로 가까운 것부터 묶어나가는 방식이다.,206,concept
823,3,군집분석,다음 중 덴드로그램을 이용해 가까운 것부터 묶어나가며 최단·최장·평균·와드 등의 연결법을 사용하는 군집 방식은?,DBSCAN,퍼지 군집화,K-means,계층적 군집,4,계층적 군집은 덴드로그램으로 가까운 것부터 묶어나가는 방식이다.,206,concept
824,3,군집분석,보기 중에서 덴드로그램을 이용해 가까운 것부터 묶어나가며 최단·최장·평균·와드 등의 연결법을 사용하는 군집 방식은?,퍼지 군집화,DBSCAN,계층적 군집,K-means,3,계층적 군집은 덴드로그램으로 가까운 것부터 묶어나가는 방식이다.,206,concept
825,3,군집분석,군집 수 K를 미리 지정하고 중심점을 반복적으로 갱신하는 비계층적 군집 알고리즘은?,계층적 군집,K-means,DBSCAN,SOM,2,K-means는 K를 미리 지정하고 중심점을 반복 갱신하는 비계층적 군집 알고리즘이다.,207,concept
826,3,군집분석,군집 수 K를 미리 지정하고 중심점을 반복적으로 갱신하는 비계층적 군집 알고리즘은?,K-means,DBSCAN,SOM,계층적 군집,1,K-means는 K를 미리 지정하고 중심점을 반복 갱신하는 비계층적 군집 알고리즘이다.,207,concept
827,3,군집분석,다음 중 군집 수 K를 미리 지정하고 중심점을 반복적으로 갱신하는 비계층적 군집 알고리즘은?,DBSCAN,SOM,계층적 군집,K-means,4,K-means는 K를 미리 지정하고 중심점을 반복 갱신하는 비계층적 군집 알고리즘이다.,207,concept
828,3,군집분석,보기 중에서 군집 수 K를 미리 지정하고 중심점을 반복적으로 갱신하는 비계층적 군집 알고리즘은?,SOM,DBSCAN,K-means,계층적 군집,3,K-means는 K를 미리 지정하고 중심점을 반복 갱신하는 비계층적 군집 알고리즘이다.,207,concept
829,3,군집분석,군집 수를 미리 지정할 필요가 없고 밀집도 기준으로 군집을 형성하며 노이즈에 강한 알고리즘은?,K-means,K-medoids,DBSCAN,계층적 군집,3,DBSCAN은 밀도 기반으로 군집을 형성하며 K를 지정할 필요가 없고 노이즈에 강하다.,208,concept
830,3,군집분석,군집 수를 미리 지정할 필요가 없고 밀집도 기준으로 군집을 형성하며 노이즈에 강한 알고리즘은?,K-medoids,DBSCAN,계층적 군집,K-means,2,DBSCAN은 밀도 기반으로 군집을 형성하며 K를 지정할 필요가 없고 노이즈에 강하다.,208,concept
831,3,군집분석,다음 중 군집 수를 미리 지정할 필요가 없고 밀집도 기준으로 군집을 형성하며 노이즈에 강한 알고리즘은?,DBSCAN,계층적 군집,K-means,K-medoids,1,DBSCAN은 밀도 기반으로 군집을 형성하며 K를 지정할 필요가 없고 노이즈에 강하다.,208,concept
832,3,군집분석,보기 중에서 군집 수를 미리 지정할 필요가 없고 밀집도 기준으로 군집을 형성하며 노이즈에 강한 알고리즘은?,계층적 군집,DBSCAN,K-medoids,K-means,2,DBSCAN은 밀도 기반으로 군집을 형성하며 K를 지정할 필요가 없고 노이즈에 강하다.,208,concept
833,3,군집분석,같은 군집 내 데이터는 가깝고 다른 군집과는 먼 정도를 종합하여 -1~1로 측정하는 군집 평가지표는?,WCSS,실루엣 계수(Silhouette),엘보우 값,카이제곱 값,2,실루엣 계수는 응집도와 분리도를 종합해 -1~1로 군집 품질을 평가한다.,209,concept
834,3,군집분석,같은 군집 내 데이터는 가깝고 다른 군집과는 먼 정도를 종합하여 -1~1로 측정하는 군집 평가지표는?,실루엣 계수(Silhouette),엘보우 값,카이제곱 값,WCSS,1,실루엣 계수는 응집도와 분리도를 종합해 -1~1로 군집 품질을 평가한다.,209,concept
835,3,군집분석,다음 중 같은 군집 내 데이터는 가깝고 다른 군집과는 먼 정도를 종합하여 -1~1로 측정하는 군집 평가지표는?,엘보우 값,카이제곱 값,WCSS,실루엣 계수(Silhouette),4,실루엣 계수는 응집도와 분리도를 종합해 -1~1로 군집 품질을 평가한다.,209,concept
836,3,군집분석,보기 중에서 같은 군집 내 데이터는 가깝고 다른 군집과는 먼 정도를 종합하여 -1~1로 측정하는 군집 평가지표는?,카이제곱 값,엘보우 값,실루엣 계수(Silhouette),WCSS,3,실루엣 계수는 응집도와 분리도를 종합해 -1~1로 군집 품질을 평가한다.,209,concept
837,3,연관분석,장바구니 분석에서 항목 A와 B가 함께 포함된 거래의 비율을 나타내는 지표는?,신뢰도,지지도(Support),향상도,카이제곱,2,지지도는 전체 거래 중 A와 B가 동시에 나타나는 비율이다.,210,concept
838,3,연관분석,장바구니 분석에서 항목 A와 B가 함께 포함된 거래의 비율을 나타내는 지표는?,지지도(Support),향상도,카이제곱,신뢰도,1,지지도는 전체 거래 중 A와 B가 동시에 나타나는 비율이다.,210,concept
839,3,연관분석,다음 중 장바구니 분석에서 항목 A와 B가 함께 포함된 거래의 비율을 나타내는 지표는?,향상도,카이제곱,신뢰도,지지도(Support),4,지지도는 전체 거래 중 A와 B가 동시에 나타나는 비율이다.,210,concept
840,3,연관분석,보기 중에서 장바구니 분석에서 항목 A와 B가 함께 포함된 거래의 비율을 나타내는 지표는?,카이제곱,향상도,지지도(Support),신뢰도,3,지지도는 전체 거래 중 A와 B가 동시에 나타나는 비율이다.,210,concept
841,3,연관분석,A를 구매한 사람이 B도 구매할 조건부확률을 나타내는 연관분석 지표는?,지지도,신뢰도(Confidence),향상도,지니지수,2,신뢰도는 A가 포함된 거래 중 B도 포함될 조건부확률이다.,211,concept
842,3,연관분석,A를 구매한 사람이 B도 구매할 조건부확률을 나타내는 연관분석 지표는?,신뢰도(Confidence),향상도,지니지수,지지도,1,신뢰도는 A가 포함된 거래 중 B도 포함될 조건부확률이다.,211,concept
843,3,연관분석,다음 중 A를 구매한 사람이 B도 구매할 조건부확률을 나타내는 연관분석 지표는?,향상도,지니지수,지지도,신뢰도(Confidence),4,신뢰도는 A가 포함된 거래 중 B도 포함될 조건부확률이다.,211,concept
844,3,연관분석,보기 중에서 A를 구매한 사람이 B도 구매할 조건부확률을 나타내는 연관분석 지표는?,지니지수,향상도,신뢰도(Confidence),지지도,3,신뢰도는 A가 포함된 거래 중 B도 포함될 조건부확률이다.,211,concept
845,3,연관분석,연관분석에서 향상도(Lift)가 1보다 클 때의 의미는?,두 품목이 독립적이다.,두 품목 간 양(+)의 상관관계가 있다.,두 품목 간 음(-)의 상관관계가 있다.,지지도가 0이다.,2,향상도가 1보다 크면 두 품목 사이에 양의 상관성이 있다는 의미이다.,212,concept
846,3,연관분석,연관분석에서 향상도(Lift)가 1보다 클 때의 의미는?,두 품목 간 양(+)의 상관관계가 있다.,두 품목 간 음(-)의 상관관계가 있다.,지지도가 0이다.,두 품목이 독립적이다.,1,향상도가 1보다 크면 두 품목 사이에 양의 상관성이 있다는 의미이다.,212,concept
847,3,연관분석,다음 중 연관분석에서 향상도(Lift)가 1보다 클 때의 의미는?,두 품목 간 음(-)의 상관관계가 있다.,지지도가 0이다.,두 품목이 독립적이다.,두 품목 간 양(+)의 상관관계가 있다.,4,향상도가 1보다 크면 두 품목 사이에 양의 상관성이 있다는 의미이다.,212,concept
848,3,연관분석,보기 중에서 연관분석에서 향상도(Lift)가 1보다 클 때의 의미는?,지지도가 0이다.,두 품목 간 음(-)의 상관관계가 있다.,두 품목 간 양(+)의 상관관계가 있다.,두 품목이 독립적이다.,3,향상도가 1보다 크면 두 품목 사이에 양의 상관성이 있다는 의미이다.,212,concept
849,3,연관분석,빈발 항목집합을 이용해 연관규칙을 생성하는 대표적인 연관분석 알고리즘은?,Apriori 알고리즘,K-means,PCA,ARIMA,1,Apriori 알고리즘은 최소 지지도를 만족하는 빈발 항목집합으로 연관규칙을 생성한다.,213,concept
850,3,연관분석,빈발 항목집합을 이용해 연관규칙을 생성하는 대표적인 연관분석 알고리즘은?,K-means,PCA,ARIMA,Apriori 알고리즘,4,Apriori 알고리즘은 최소 지지도를 만족하는 빈발 항목집합으로 연관규칙을 생성한다.,213,concept
851,3,연관분석,다음 중 빈발 항목집합을 이용해 연관규칙을 생성하는 대표적인 연관분석 알고리즘은?,PCA,ARIMA,Apriori 알고리즘,K-means,3,Apriori 알고리즘은 최소 지지도를 만족하는 빈발 항목집합으로 연관규칙을 생성한다.,213,concept
852,3,연관분석,보기 중에서 빈발 항목집합을 이용해 연관규칙을 생성하는 대표적인 연관분석 알고리즘은?,ARIMA,PCA,K-means,Apriori 알고리즘,4,Apriori 알고리즘은 최소 지지도를 만족하는 빈발 항목집합으로 연관규칙을 생성한다.,213,concept
853,3,과적합,모델이 훈련 데이터에 너무 맞춰져 분산이 커지는 현상은?,과소적합(Underfitting),과대적합(Overfitting),정규화,가지치기,2,과대적합은 모델이 훈련 데이터에 지나치게 맞춰져 분산이 커지는 현상이다.,214,concept
854,3,과적합,모델이 훈련 데이터에 너무 맞춰져 분산이 커지는 현상은?,과대적합(Overfitting),정규화,가지치기,과소적합(Underfitting),1,과대적합은 모델이 훈련 데이터에 지나치게 맞춰져 분산이 커지는 현상이다.,214,concept
855,3,과적합,다음 중 모델이 훈련 데이터에 너무 맞춰져 분산이 커지는 현상은?,정규화,가지치기,과소적합(Underfitting),과대적합(Overfitting),4,과대적합은 모델이 훈련 데이터에 지나치게 맞춰져 분산이 커지는 현상이다.,214,concept
856,3,과적합,보기 중에서 모델이 훈련 데이터에 너무 맞춰져 분산이 커지는 현상은?,가지치기,정규화,과대적합(Overfitting),과소적합(Underfitting),3,과대적합은 모델이 훈련 데이터에 지나치게 맞춰져 분산이 커지는 현상이다.,214,concept
857,3,과적합,"데이터를 훈련용/검증용/평가용으로 나누어 과적합을 방지하는 방법 중, k-1개로 학습하고 나머지 1개로 평가하는 방법은?",홀드아웃,k-fold 교차검증,LOOCV,부트스트래핑,2,"k-fold 교차검증은 데이터를 k개로 나누어 k-1개로 학습, 나머지 1개로 평가하는 것을 반복한다.",215,concept
858,3,과적합,"데이터를 훈련용/검증용/평가용으로 나누어 과적합을 방지하는 방법 중, k-1개로 학습하고 나머지 1개로 평가하는 방법은?",k-fold 교차검증,LOOCV,부트스트래핑,홀드아웃,1,"k-fold 교차검증은 데이터를 k개로 나누어 k-1개로 학습, 나머지 1개로 평가하는 것을 반복한다.",215,concept
859,3,과적합,"다음 중 데이터를 훈련용/검증용/평가용으로 나누어 과적합을 방지하는 방법 중, k-1개로 학습하고 나머지 1개로 평가하는 방법은?",LOOCV,부트스트래핑,홀드아웃,k-fold 교차검증,4,"k-fold 교차검증은 데이터를 k개로 나누어 k-1개로 학습, 나머지 1개로 평가하는 것을 반복한다.",215,concept
860,3,과적합,"보기 중에서 데이터를 훈련용/검증용/평가용으로 나누어 과적합을 방지하는 방법 중, k-1개로 학습하고 나머지 1개로 평가하는 방법은?",부트스트래핑,LOOCV,k-fold 교차검증,홀드아웃,3,"k-fold 교차검증은 데이터를 k개로 나누어 k-1개로 학습, 나머지 1개로 평가하는 것을 반복한다.",215,concept
